ID,Plataformas,FrecuenciaInternet,SeriesFavoritas,FrecuenciaNetflix,RecenciaNetflix,IntencionNetflix1,BenefEsp1,BenefEsp2,BenefEsp3,BenefEsp4,BenefEsp5,BenefEsp6,BenefEsp7,BenefEsp8,BenefEsp9,BenefEsp10,BenefEsp11,BenefEsp12,BenefEsp13,Actitud1,Actitud2,Actitud3,Barreras1,Barreras2,Barreras3,Barreras4,Barreras5,Barreras6,Barreras7,Barreras8,Barreras9,ControlPerc1,NormaDescriptiva1,NormaDescriptiva2,NormaSubjetiva1,NormaSubjetiva2,IntencionNetflix2,ControlPerc2,Sexo,Edad,TiempoResp
1,Netflix;OCS;Canal+ série et/ou film;Amazone prime vidéo,Entre 1 y 2 horas,Science Fiction;humour/comédie;aventure/action,6,NA,NA,NA,NA,NA,5,NA,NA,NA,NA,5,NA,NA,5,5,3,5,5,3,3,5,4,4,4,3,5,4,NA,NA,5,NA,NA,NA,5,Mujer,18,491.0104657
2,Netflix;OCS;Canal+ série et/ou film;Apple TV+;Amazone prime vidéo;disney+,Entre 2 y 3 horas,Science Fiction;humour/comédie;aventure/action,3,NA,NA,NA,NA,NA,NA,NA,NA,NA,NA,NA,NA,NA,5,5,4,5,6,1,1,6,6,4,6,3,6,6,NA,NA,NA,NA,5,NA,NA,Hombre,19,245.4334084
3,Netflix;OCS;Canal+ série et/ou film;Apple TV+;Amazone prime vidéo;disney+,Entre 1 y 2 horas,Drama;Thriller,2,NA,2,NA,NA,5,NA,5,NA,NA,NA,NA,5,5,NA,NA,3,4,5,1,3,6,6,4,4,4,6,6,5,NA,NA,NA,5,NA,5,Hombre,18,266.9330984
4,Netflix;OCS;Canal+ série et/ou film;Amazone prime vidéo,Entre 1 y 2 horas,TV réalité;aventure/action;romantique,6,NA,NA,5,NA,NA,NA,5,5,NA,NA,5,NA,NA,5,5,4,5,6,3,5,5,5,3,6,4,6,6,NA,NA,NA,NA,5,NA,NA,Mujer,18,358.9076133
5,Netflix;OCS;Canal+ série et/ou film;Apple TV+;Amazone prime vidéo;disney+,Entre 2 y 3 horas,TV réalité;drame;romantique,6,NA,NA,NA,2,NA,NA,5,5,5,5,5,NA,NA,NA,NA,6,6,6,3,4,4,4,4,4,3,5,5,NA,5,5,NA,5,NA,5,Mujer,19,373.0964668
6,Netflix;OCS;Canal+ série et/ou film;Apple TV+;Amazone prime vidéo;disney+,Entre 1 y 2 horas,Science Fiction;humour/comédie;aventure/action,6,NA,NA,5,NA,NA,NA,5,NA,5,5,NA,5,NA,5,NA,2,4,4,5,3,6,6,5,4,5,5,3,NA,NA,NA,NA,NA,NA,NA,Hombre,20,286.5866532
7,Netflix;OCS;Canal+ série et/ou film;Apple TV+;Amazone prime vidéo;disney+,Entre 3 y 5 horas,Romantica,6,NA,NA,NA,2,NA,2,NA,NA,NA,5,NA,5,5,NA,NA,4,4,5,3,6,3,2,3,4,3,4,4,NA,NA,NA,NA,NA,NA,NA,Mujer,17,287.1211129
8,Netflix;OCS;Canal+ série et/ou film;Apple TV+;Amazone prime vidéo;disney+,Entre 1 y 2 horas,Ciencia Ficcion;Terror;Aventura/Accion,6,NA,NA,NA,NA,NA,5,NA,NA,NA,NA,NA,NA,NA,NA,NA,4,4,4,3,2,3,3,3,2,3,2,3,NA,NA,NA,NA,5,NA,NA,Mujer,20,394.3080286
9,Netflix;OCS;Canal+ série et/ou film;Amazone prime vidéo;disney+,Entre 30 minutos y 1 hora,Science Fiction;humour/comédie;aventure/action,3,5,5,NA,1,NA,NA,5,NA,NA,NA,NA,1,NA,5,1,5,4,5,1,6,6,6,3,6,4,6,6,NA,NA,NA,1,1,NA,NA,Hombre,19,273.5949608
10,Netflix;Canal+ série et/ou film;autre (précisez),Entre 0 y 30 minutos,humour/comédie;jeunesse et famille;romantique,6,NA,NA,NA,NA,5,NA,NA,5,NA,NA,NA,NA,NA,NA,NA,4,4,5,6,5,5,6,5,4,5,5,5,NA,5,NA,5,NA,NA,NA,Mujer,19,542.5628065
11,Netflix;Canal+ série et/ou film;Amazone prime vidéo;disney+,Entre 1 y 2 horas,TV réalité;humour/comédie;romantique,6,NA,NA,NA,NA,NA,NA,NA,5,5,NA,NA,NA,NA,NA,NA,4,4,4,3,4,5,3,2,2,2,3,3,NA,5,5,5,5,NA,5,Mujer,20,327.5188088
12,Netflix;OCS;Canal+ série et/ou film;Apple TV+;Amazone prime vidéo;disney+,Entre 1 y 2 horas,humour/comédie;aventure/action;drame,5,NA,NA,NA,NA,NA,NA,NA,NA,5,NA,NA,NA,5,NA,NA,4,4,5,5,5,5,5,5,5,4,5,5,NA,NA,NA,NA,NA,NA,NA,Mujer,19,278.6766747
13,Netflix;OCS;Canal+ série et/ou film;Apple TV+;Amazone prime vidéo;disney+,Entre 1 y 2 horas,Science Fiction;humour/comédie;aventure/action,6,NA,NA,NA,5,NA,NA,NA,NA,NA,NA,NA,NA,NA,NA,NA,6,6,6,2,5,2,4,4,5,3,3,6,NA,NA,NA,NA,NA,NA,NA,Mujer,20,217.2743685
14,Netflix;Canal+ série et/ou film,Entre 2 y 3 horas,TV réalité;humour/comédie;romantique,3,NA,NA,NA,NA,NA,NA,5,NA,5,NA,5,NA,5,NA,5,4,4,4,3,2,6,6,5,5,5,6,3,NA,2,NA,2,NA,NA,5,Mujer,19,201.0400568
15,Netflix;OCS;Canal+ série et/ou film;Apple TV+;Amazone prime vidéo;disney+,Entre 3 y 5 horas,Aventura/Accion;Documental;Thriller,6,NA,NA,NA,2,NA,5,NA,NA,NA,NA,5,NA,NA,5,NA,4,5,5,4,6,6,6,3,3,4,6,3,NA,NA,NA,5,5,NA,NA,Mujer,20,339.7680394
16,Netflix;OCS;Canal+ série et/ou film;Amazone prime vidéo,Entre 1 y 2 horas,Ciencia Ficcion;Aventura/Accion;Drama,6,NA,NA,NA,NA,NA,5,5,2,NA,5,NA,NA,NA,NA,NA,5,4,6,4,4,6,5,4,4,6,6,5,NA,5,NA,NA,NA,NA,NA,Mujer,18,315.6393228
17,Netflix;OCS;Canal+ série et/ou film;Apple TV+;Amazone prime vidéo;disney+,Entre 1 y 2 horas,Science Fiction;humour/comédie;stand-up,3,NA,NA,5,2,NA,5,5,5,5,5,NA,5,NA,5,NA,3,3,3,1,3,4,5,3,4,3,4,5,2,NA,NA,NA,5,5,2,Hombre,19,118.8611938
18,Netflix,Entre 2 y 3 horas,Romantica,6,NA,NA,NA,NA,1,NA,NA,NA,NA,NA,NA,1,NA,NA,NA,6,6,6,6,1,6,1,1,1,1,1,6,NA,NA,NA,NA,NA,NA,NA,Mujer,21,277.3565808
19,Netflix;OCS;Canal+ série et/ou film;Apple TV+;Amazone prime vidéo;disney+,Entre 3 y 5 horas,TV réalité;horreur;aventure/action,6,NA,NA,5,NA,NA,NA,NA,NA,NA,NA,5,NA,NA,5,NA,5,4,5,3,6,4,4,6,2,4,6,6,NA,NA,NA,NA,NA,NA,NA,Mujer,20,510.6135589
20,Netflix;OCS;Canal+ série et/ou film;Apple TV+;Amazone prime vidéo;disney+,Entre 30 minutos y 1 hora,Science Fiction;humour/comédie;aventure/action,3,NA,NA,NA,NA,NA,2,5,NA,NA,NA,NA,NA,NA,NA,5,3,3,6,2,3,4,4,6,3,5,2,3,5,NA,NA,5,NA,NA,NA,Mujer,19,381.9590042
21,Netflix,Entre 3 y 5 horas,TV réalité;drame;romantique,6,NA,NA,NA,5,NA,NA,NA,NA,NA,NA,NA,NA,NA,NA,NA,5,5,5,4,3,1,3,3,3,3,3,2,NA,NA,NA,5,NA,NA,NA,Mujer,18,162.9459844
22,Netflix;OCS;Canal+ série et/ou film;Apple TV+;Amazone prime vidéo,Entre 1 y 2 horas,humour/comédie;aventure/action;thriller,1,NA,1,NA,1,NA,NA,NA,NA,2,2,2,NA,5,NA,NA,1,3,5,2,3,2,2,2,2,3,2,3,2,2,5,1,2,2,2,Mujer,17,363.6413342
23,Netflix;OCS;Canal+ série et/ou film,Entre 0 y 30 minutos,Monologos;Documental;Thriller,2,5,NA,5,NA,5,NA,NA,NA,NA,NA,5,NA,5,NA,5,3,3,3,5,6,6,6,1,6,1,6,6,NA,NA,5,2,5,NA,5,Mujer,23,312.0387847
24,Netflix;OCS;Canal+ série et/ou film;Amazone prime vidéo,Entre 1 y 2 horas,TV réalité;humour/comédie;horreur,4,NA,NA,NA,2,NA,NA,5,5,5,5,1,5,5,NA,5,4,4,5,1,1,3,3,3,1,3,3,3,NA,5,5,NA,5,NA,NA,Mujer,18,243.2723053
25,Netflix;OCS;Canal+ série et/ou film;Apple TV+;Amazone prime vidéo;disney+,Entre 2 y 3 horas,Historica;Drama;Romantica,2,5,2,5,5,NA,5,NA,NA,5,NA,5,NA,5,NA,5,5,4,5,4,3,4,3,3,4,5,3,5,NA,NA,5,NA,NA,5,NA,Mujer,19,407.5103722
26,Netflix;Canal+ série et/ou film;Apple TV+;Amazone prime vidéo;disney+,Entre 30 minutos y 1 hora,humour/comédie;horreur;jeunesse et famille,1,1,1,1,1,NA,NA,NA,NA,5,NA,NA,5,NA,NA,NA,1,4,4,6,3,3,1,1,1,4,1,1,1,1,NA,1,NA,1,1,Mujer,19,233.9917526
27,Netflix;OCS;Canal+ série et/ou film,Entre 1 y 2 horas,Science Fiction;TV réalité;aventure/action,6,NA,NA,NA,NA,NA,NA,5,2,NA,5,NA,5,NA,NA,NA,5,5,6,3,5,6,5,5,4,2,5,4,NA,5,NA,5,NA,NA,NA,Hombre,18,317.1532175
28,Netflix;OCS;Canal+ série et/ou film;Apple TV+;Amazone prime vidéo;autre (précisez),Entre 5 y 7 horas,Science Fiction;humour/comédie;aventure/action,3,NA,NA,5,NA,5,NA,5,5,5,NA,5,2,5,2,1,3,4,4,1,3,6,6,6,4,1,6,6,NA,NA,5,5,5,NA,NA,Hombre,19,360.969294
29,Netflix;OCS;Canal+ série et/ou film;Apple TV+;Amazone prime vidéo;disney+,Entre 2 y 3 horas,Science Fiction;TV réalité;drame,6,NA,NA,NA,NA,NA,NA,NA,NA,NA,NA,NA,NA,NA,NA,NA,4,5,6,6,6,6,6,3,3,2,6,4,NA,5,NA,2,NA,NA,NA,Mujer,20,268.1284519
30,Netflix;Canal+ série et/ou film;Apple TV+;Amazone prime vidéo;autre (précisez),Entre 3 y 5 horas,humour/comédie;horreur;aventure/action,1,NA,NA,NA,NA,5,5,5,NA,NA,5,NA,NA,NA,NA,5,5,6,4,1,1,6,6,6,2,5,1,3,NA,NA,NA,2,NA,NA,NA,Hombre,21,383.6697976
31,Netflix;OCS;Canal+ série et/ou film;Apple TV+;Amazone prime vidéo;disney+,Entre 1 y 2 horas,Ciencia Ficcion;Aventura/Accion;Documental,6,NA,NA,NA,5,NA,5,NA,NA,5,5,5,5,NA,NA,5,5,5,5,3,3,3,4,5,4,4,3,5,5,NA,NA,5,NA,NA,NA,Hombre,19,138.5501946
32,Netflix;OCS;Canal+ série et/ou film;Apple TV+;Amazone prime vidéo,Entre 1 y 2 horas,Terror;Aventura/Accion;Drama,4,5,5,NA,2,2,NA,NA,NA,NA,NA,NA,2,5,NA,NA,5,5,6,2,4,6,6,6,6,6,6,6,NA,NA,5,NA,5,NA,NA,Hombre,18,180.2641626
33,Netflix;OCS;Canal+ série et/ou film;Apple TV+;Amazone prime vidéo;disney+,Entre 2 y 3 horas,TV réalité;aventure/action;romantique,6,NA,NA,NA,NA,NA,NA,NA,NA,NA,NA,NA,NA,NA,NA,NA,6,6,6,1,1,6,6,1,1,1,6,6,NA,NA,NA,NA,NA,NA,NA,Mujer,18,1400.6594342
34,Netflix;Apple TV+;autre (précisez),Entre 2 y 3 horas,TV réalité;humour/comédie;aventure/action,6,NA,NA,NA,2,NA,NA,5,NA,5,NA,5,NA,NA,NA,NA,6,6,6,4,6,6,6,4,6,4,6,6,NA,NA,NA,NA,NA,NA,NA,Mujer,18,236.1013702
35,Netflix;Canal+ série et/ou film;Apple TV+;Amazone prime vidéo;disney+,Entre 30 minutos y 1 hora,Aventura/Accion;Historica;Romantica,5,NA,NA,5,NA,5,NA,5,NA,5,5,NA,NA,NA,NA,NA,4,6,6,3,3,2,2,2,3,2,5,6,5,NA,NA,5,NA,NA,NA,Mujer,19,314.5136193
36,Netflix;OCS;Canal+ série et/ou film;Apple TV+;Amazone prime vidéo;disney+,Entre 30 minutos y 1 hora,humour/comédie;aventure/action;romantique,6,NA,NA,5,5,5,5,5,NA,NA,NA,NA,5,5,5,NA,4,5,5,3,4,4,4,4,4,4,4,4,NA,NA,NA,NA,NA,NA,NA,Mujer,18,170.0934325
37,Netflix;OCS;Canal+ série et/ou film;Apple TV+;Amazone prime vidéo;disney+,Entre 2 y 3 horas,Science Fiction;horreur;animé,3,5,NA,NA,1,5,NA,NA,2,2,5,1,NA,5,NA,5,5,4,5,4,3,5,4,6,4,5,6,4,NA,NA,NA,1,1,NA,5,Hombre,18,364.1749962
38,Netflix;OCS;Canal+ série et/ou film;Apple TV+;Amazone prime vidéo;disney+,Entre 5 y 7 horas,humour/comédie;aventure/action;documentaire,4,5,NA,NA,1,NA,NA,1,NA,NA,5,NA,2,NA,5,2,3,4,4,2,3,6,3,5,5,4,2,3,2,NA,NA,NA,NA,1,NA,Hombre,18,87.242284
39,Netflix;OCS;Canal+ série et/ou film;Apple TV+;Amazone prime vidéo;disney+,Entre 3 y 5 horas,humour/comédie;stand-up;thriller,6,NA,NA,NA,NA,5,NA,NA,2,NA,5,1,1,NA,NA,NA,6,6,6,6,6,6,6,6,6,6,6,6,NA,5,5,NA,5,NA,NA,Mujer,19,184.1592644
40,Netflix;Canal+ série et/ou film;Amazone prime vidéo,Entre 30 minutos y 1 hora,TV réalité;humour/comédie;horreur,4,5,5,5,NA,NA,NA,5,NA,5,NA,NA,5,NA,5,NA,4,4,4,4,2,4,5,5,4,4,6,5,NA,5,5,5,5,5,NA,Mujer,19,2116.2393248
41,Netflix;OCS;Canal+ série et/ou film;Apple TV+,Entre 1 y 2 horas,Aventura/Accion;Historica;Drama,5,NA,NA,NA,NA,NA,NA,5,NA,5,5,5,NA,NA,NA,NA,4,5,5,4,5,4,3,4,5,4,5,5,NA,5,NA,NA,5,NA,NA,Mujer,18,285.2598777
42,Netflix;OCS;Canal+ série et/ou film;Apple TV+;Amazone prime vidéo;disney+,Entre 30 minutos y 1 hora,Ciencia Ficcion;Aventura/Accion;Drama,6,NA,NA,NA,5,NA,NA,NA,NA,NA,NA,NA,NA,NA,NA,NA,6,5,5,6,6,6,6,6,6,6,6,6,NA,NA,NA,5,NA,NA,NA,Mujer,19,289.5117479
43,Netflix;OCS;Canal+ série et/ou film;Apple TV+;Amazone prime vidéo,Entre 1 y 2 horas,TV réalité;drame;jeunesse et famille,5,NA,NA,NA,NA,5,NA,NA,2,NA,5,NA,1,5,NA,NA,4,4,5,4,3,6,6,4,4,5,6,6,NA,5,NA,5,NA,NA,NA,Mujer,19,209.9723508
44,Netflix;OCS;Canal+ série et/ou film,Entre 30 minutos y 1 hora,Science Fiction;humour/comédie;aventure/action,4,NA,NA,NA,5,NA,NA,5,NA,NA,5,NA,NA,NA,NA,NA,4,6,6,3,2,5,5,4,3,4,6,5,NA,NA,NA,NA,5,5,NA,Hombre,18,356.8277241
45,Netflix,Entre 2 y 3 horas,Science Fiction;TV réalité;humour/comédie,6,NA,NA,NA,2,NA,NA,NA,NA,5,NA,5,NA,NA,NA,5,4,4,5,6,6,6,4,3,4,4,4,2,NA,NA,NA,NA,NA,NA,NA,Mujer,20,165.404942
46,Netflix;Canal+ série et/ou film;Apple TV+;Amazone prime vidéo,Entre 2 y 3 horas,TV réalité;humour/comédie;aventure/action,6,NA,NA,NA,NA,NA,NA,5,NA,5,NA,5,5,5,5,NA,5,5,6,5,5,6,4,5,4,6,5,5,NA,5,5,NA,5,NA,NA,Hombre,18,289.6830861
47,Netflix;Canal+ série et/ou film;Amazone prime vidéo,Entre 1 y 2 horas,TV réalité;humour/comédie;jeunesse et famille,4,NA,NA,NA,NA,NA,NA,NA,1,NA,NA,NA,NA,NA,NA,NA,6,6,6,1,1,3,6,1,6,6,6,6,NA,NA,NA,2,NA,NA,NA,Mujer,18,240.0954133
48,Netflix,Entre 2 y 3 horas,Science Fiction;TV réalité;thriller,4,NA,NA,5,NA,NA,5,NA,5,NA,5,NA,NA,NA,NA,5,4,5,6,5,4,3,5,4,4,4,2,2,NA,NA,NA,NA,NA,5,NA,Mujer,18,173.3546793
49,Netflix;OCS;Canal+ série et/ou film;Amazone prime vidéo;disney+,Entre 3 y 5 horas,Ciencia Ficcion;Thriller;Romantica,6,NA,NA,NA,NA,NA,NA,NA,NA,NA,NA,NA,NA,NA,NA,NA,6,6,6,3,6,4,4,4,3,3,5,4,NA,NA,NA,NA,NA,NA,NA,Mujer,17,266.5705892
50,Netflix;OCS;Canal+ série et/ou film;Apple TV+;Amazone prime vidéo;disney+,Entre 2 y 3 horas,TV réalité;aventure/action;documentaire,5,NA,NA,NA,NA,NA,NA,NA,NA,NA,NA,NA,NA,NA,NA,NA,5,5,5,3,6,2,6,6,6,6,6,6,NA,NA,NA,NA,NA,NA,NA,Hombre,18,195.7968578
51,Netflix;Canal+ série et/ou film;Amazone prime vidéo;disney+,Entre 3 y 5 horas,Monologos;Documental;Romantica,5,NA,NA,NA,NA,NA,NA,NA,5,5,5,5,NA,NA,NA,5,6,5,5,3,5,5,3,5,5,5,5,5,NA,NA,NA,NA,5,NA,5,Mujer,18,291.8878275
52,Netflix;Canal+ série et/ou film;Apple TV+,Entre 0 y 30 minutos,humour/comédie;historique;thriller,4,1,1,NA,2,NA,1,2,1,2,2,NA,NA,2,2,2,2,4,4,4,3,4,6,6,6,6,6,6,1,1,1,1,NA,NA,1,Hombre,18,125.558343
53,Netflix;OCS;Disney+,Entre 0 y 30 minutos,Science Fiction;TV réalité;aventure/action,6,NA,NA,5,NA,5,NA,5,5,5,5,NA,5,5,5,5,4,5,5,5,4,3,4,4,5,4,3,4,5,5,NA,5,NA,NA,NA,Mujer,18,332.3653303
54,Netflix;OCS;Canal+ série et/ou film;Amazone prime vidéo,Entre 3 y 5 horas,humour/comédie;aventure/action;documentaire,6,NA,NA,NA,NA,1,1,NA,NA,NA,NA,5,NA,NA,NA,5,5,5,5,4,5,4,3,3,6,6,4,1,NA,NA,NA,NA,2,5,NA,Hombre,18,223.2750273
55,Netflix;Canal+ série et/ou film;Amazone prime vidéo,Entre 2 y 3 horas,humour/comédie;horreur;aventure/action,4,NA,NA,5,2,NA,2,5,NA,5,5,5,5,NA,NA,NA,4,5,5,3,3,6,3,3,2,4,3,2,NA,NA,NA,NA,NA,5,NA,Hombre,19,313.7645044
56,Netflix;OCS;Canal+ série et/ou film;Apple TV+,Entre 30 minutos y 1 hora,Science Fiction;TV réalité;aventure/action,5,NA,5,NA,NA,5,NA,NA,NA,NA,NA,NA,5,5,5,5,5,5,5,1,4,3,4,3,3,3,3,1,NA,NA,5,5,NA,5,5,Hombre,18,431.1638778
57,Netflix;OCS;Canal+ série et/ou film;Apple TV+;Amazone prime vidéo;disney+,Entre 1 y 2 horas,horreur;thriller;animé,6,NA,NA,NA,NA,NA,NA,NA,NA,NA,NA,NA,NA,NA,NA,NA,6,6,6,5,6,6,6,6,4,6,6,6,NA,NA,NA,NA,NA,NA,NA,Hombre,18,273.4644747
58,Netflix,Entre 0 y 30 minutos,humour/comédie,6,5,NA,5,5,5,5,NA,5,5,5,5,5,5,5,5,5,4,4,3,3,3,3,3,3,5,6,6,NA,NA,5,5,5,NA,5,Mujer,20,322.9096958
59,Netflix;Canal+ série et/ou film;Amazone prime vidéo,Entre 30 minutos y 1 hora,TV réalité;humour/comédie;romantique,6,NA,NA,NA,NA,NA,NA,NA,NA,NA,NA,NA,NA,NA,NA,NA,5,5,6,1,2,4,3,2,1,1,2,2,NA,NA,NA,2,NA,NA,NA,Mujer,17,316.4409405
60,Netflix;OCS;Canal+ série et/ou film;Apple TV+;Amazone prime vidéo;disney+,Entre 1 y 2 horas,Science Fiction;thriller;animé,4,NA,NA,NA,NA,2,2,5,5,NA,NA,NA,NA,5,NA,NA,5,5,5,2,3,4,6,5,6,2,6,6,NA,NA,NA,NA,NA,NA,NA,Hombre,22,313.9388239
61,Netflix;OCS;Canal+ série et/ou film;Apple TV+;Amazone prime vidéo;disney+,Entre 3 y 5 horas,Science Fiction;humour/comédie;thriller,6,5,NA,NA,NA,5,5,5,NA,NA,5,5,2,NA,NA,NA,4,6,6,6,6,6,6,6,6,6,6,6,NA,NA,NA,NA,NA,NA,NA,Hombre,20,388.9899619
62,Netflix;OCS;Canal+ série et/ou film;Amazone prime vidéo;disney+,Entre 2 y 3 horas,aventure/action;documentaire;animé,4,NA,NA,NA,2,NA,NA,5,NA,NA,NA,NA,5,5,2,2,4,5,4,2,3,6,4,6,4,3,6,6,NA,5,NA,5,5,NA,NA,Hombre,17,388.634887
63,Netflix,Entre 2 y 3 horas,Science Fiction;humour/comédie;romantique,6,NA,NA,5,NA,5,5,NA,NA,NA,NA,5,5,5,5,5,4,5,5,4,5,2,3,3,3,3,3,5,NA,5,5,5,5,NA,NA,Mujer,18,218.7795796
64,Netflix;OCS;Canal+ série et/ou film,Entre 0 y 30 minutos,humour/comédie;documentaire;jeunesse et famille,3,5,NA,NA,NA,NA,NA,NA,NA,NA,NA,NA,5,NA,NA,NA,4,5,5,1,2,4,4,4,5,3,6,6,NA,NA,NA,5,5,NA,5,Mujer,24,475.5999723
65,Netflix;OCS;Canal+ série et/ou film;Apple TV+;Amazone prime vidéo;disney+,Entre 2 y 3 horas,humour/comédie;horreur;documentaire,6,NA,NA,NA,NA,NA,NA,NA,NA,NA,NA,NA,NA,5,NA,NA,4,4,5,5,5,4,5,5,5,3,4,5,NA,2,NA,2,5,NA,NA,Mujer,19,281.3054282
66,Netflix;Canal+ série et/ou film;Apple TV+,Entre 30 minutos y 1 hora,Ciencia Ficcion;Aventura/Accion;Romantica,4,NA,5,NA,NA,NA,5,NA,NA,NA,NA,NA,NA,NA,NA,NA,5,5,6,6,6,4,4,3,6,4,6,6,NA,5,NA,NA,NA,5,NA,Mujer,19,757.9642905
67,Netflix;OCS;Canal+ série et/ou film;Apple TV+;Amazone prime vidéo,7 o m?s horas,humour/comédie;drame;thriller,6,NA,NA,NA,1,5,NA,5,NA,5,NA,5,NA,NA,NA,NA,3,4,4,4,1,6,3,6,6,6,6,6,NA,NA,NA,NA,NA,NA,NA,Mujer,18,490.720036
68,Netflix;OCS;Canal+ série et/ou film;Amazone prime vidéo,Entre 30 minutos y 1 hora,Ciencia Ficcion;Aventura/Accion;Documental,5,NA,NA,NA,NA,NA,NA,5,NA,NA,NA,NA,5,NA,NA,5,4,3,4,5,3,5,6,2,4,2,5,5,5,NA,NA,NA,NA,NA,5,Hombre,20,450.3299294
69,Netflix,Entre 3 y 5 horas,Ciencia Ficcion;Terror;Documental,6,NA,NA,5,2,1,NA,NA,NA,NA,NA,5,5,5,5,NA,4,4,5,6,4,6,6,5,6,5,6,6,NA,NA,5,1,1,NA,5,Hombre,22,560.616389
70,Netflix;Canal+ série et/ou film;Apple TV+;Amazone prime vidéo,Entre 2 y 3 horas,Documental;Drama;Romantica,5,NA,NA,NA,1,NA,1,NA,1,NA,2,NA,NA,NA,NA,NA,2,2,5,2,1,5,6,1,1,1,6,1,NA,1,NA,1,NA,NA,NA,Mujer,20,213.9763098
71,Netflix;OCS;Canal+ série et/ou film;Amazone prime vidéo;disney+;autre (précisez),Entre 2 y 3 horas,Science Fiction;horreur;animé,5,NA,5,NA,2,1,1,NA,NA,NA,NA,NA,NA,NA,5,NA,5,6,6,4,4,6,5,4,3,5,4,5,NA,NA,NA,5,5,NA,NA,Hombre,18,361.2682576
72,Netflix;OCS;Canal+ série et/ou film;Amazone prime vidéo;disney+,Entre 1 y 2 horas,Drama;Thriller;Infantil,6,NA,NA,5,NA,NA,NA,5,5,5,NA,NA,NA,NA,NA,5,4,5,6,1,2,3,4,4,4,2,4,3,5,5,5,NA,5,NA,5,Mujer,18,412.0561163
73,Netflix;Canal+ série et/ou film;Amazone prime vidéo;disney+,Entre 2 y 3 horas,TV réalité;aventure/action;jeunesse et famille,6,NA,NA,NA,1,NA,5,NA,1,NA,NA,NA,1,NA,NA,5,4,6,5,4,5,6,3,2,2,4,5,2,NA,NA,NA,NA,NA,NA,NA,Mujer,20,266.3289607
74,Netflix;OCS;Canal+ série et/ou film;Amazone prime vidéo;disney+,Entre 2 y 3 horas,humour/comédie;horreur;romantique,5,NA,NA,NA,NA,NA,NA,NA,NA,NA,5,5,NA,NA,NA,NA,4,4,5,3,4,3,5,4,1,4,2,3,5,5,NA,NA,NA,5,5,Mujer,18,391.7174618
75,Netflix;OCS;Canal+ série et/ou film;Amazone prime vidéo;disney+,Entre 2 y 3 horas,humour/comédie;animé;jeunesse et famille,5,NA,5,NA,2,NA,NA,5,5,NA,NA,NA,5,NA,NA,5,6,6,6,3,5,6,5,4,2,4,3,3,NA,NA,NA,NA,NA,5,5,Mujer,18,211.4797178
76,Netflix;OCS;Canal+ série et/ou film;Apple TV+;Amazone prime vidéo;disney+,Entre 1 y 2 horas,Science Fiction;humour/comédie;animé,5,NA,NA,NA,NA,2,2,5,5,NA,NA,1,NA,NA,5,NA,5,5,5,4,3,4,5,3,1,2,1,1,NA,NA,NA,NA,5,NA,NA,Hombre,21,380.2391929
77,Netflix;Canal+ série et/ou film;Apple TV+;Amazone prime vidéo;disney+,Entre 1 y 2 horas,humour/comédie;jeunesse et famille;romantique,6,NA,NA,NA,NA,NA,NA,2,NA,2,NA,NA,NA,NA,NA,5,6,5,6,6,5,4,3,3,3,2,6,5,NA,5,NA,NA,NA,NA,NA,Mujer,20,361.1355813
78,Netflix,Entre 0 y 30 minutos,humour/comédie,1,1,1,1,NA,5,NA,NA,NA,NA,NA,2,NA,NA,1,1,1,3,3,2,2,3,2,2,1,2,2,2,5,1,5,2,5,1,NA,Mujer,18,263.6991974
79,Netflix;OCS;Canal+ série et/ou film;Apple TV+;Amazone prime vidéo;disney+,Entre 2 y 3 horas,Ciencia Ficcion;Drama;Thriller,6,NA,NA,NA,1,2,5,5,NA,5,NA,2,NA,NA,5,5,3,5,5,6,6,6,6,2,6,1,6,6,NA,NA,NA,NA,NA,5,NA,Hombre,18,311.2071114
80,Netflix;OCS;Canal+ série et/ou film;Apple TV+;Amazone prime vidéo;disney+;autre (précisez),Entre 1 y 2 horas,Science Fiction;humour/comédie;documentaire,4,NA,NA,5,NA,NA,NA,NA,NA,NA,NA,NA,5,NA,NA,NA,3,5,6,2,1,3,3,4,4,3,5,6,NA,5,NA,NA,5,NA,NA,Hombre,19,359.6558422
81,Netflix;OCS;Amazone prime vidéo;disney+,Entre 2 y 3 horas,Science Fiction;humour/comédie;horreur,5,5,NA,5,NA,5,NA,NA,NA,NA,NA,5,NA,NA,NA,NA,4,5,5,6,5,5,6,4,5,5,6,5,5,5,NA,NA,NA,5,NA,Mujer,18,203.8549793
82,Netflix;Canal+ série et/ou film,Entre 30 minutos y 1 hora,Aventura/Accion;Drama;Romantica,3,NA,1,NA,1,NA,NA,NA,NA,NA,NA,NA,NA,NA,NA,NA,4,4,5,1,1,1,3,4,4,4,4,4,2,1,NA,1,NA,1,NA,Mujer,18,925.2037478
83,Netflix;Canal+ série et/ou film;Apple TV+;Amazone prime vidéo;disney+,Entre 1 y 2 horas,TV réalité;humour/comédie;romantique,3,NA,NA,5,5,5,5,NA,5,NA,5,5,5,5,NA,NA,4,5,5,5,3,6,6,4,6,5,6,6,5,NA,NA,NA,NA,NA,NA,Mujer,19,386.925335
84,Netflix;OCS;Canal+ série et/ou film;Apple TV+;Amazone prime vidéo;disney+,Entre 2 y 3 horas,humour/comédie;animé;autre (précisez),3,NA,NA,5,NA,NA,NA,NA,NA,5,NA,NA,NA,NA,NA,5,3,4,5,5,3,6,2,2,1,3,3,1,NA,NA,NA,NA,NA,NA,NA,Hombre,18,349.6872674
85,Netflix;Canal+ série et/ou film,Entre 1 y 2 horas,Aventura/Accion;Drama;Infantil,5,NA,NA,NA,NA,NA,NA,5,5,NA,5,NA,NA,NA,NA,NA,4,5,5,3,6,5,6,6,6,5,6,4,NA,NA,NA,2,5,NA,NA,Mujer,18,319.7661826
86,Netflix;OCS;Canal+ série et/ou film;Apple TV+;Amazone prime vidéo;disney+,Entre 3 y 5 horas,Science Fiction;humour/comédie;aventure/action,6,NA,NA,NA,NA,NA,NA,NA,NA,NA,5,NA,NA,NA,NA,NA,4,5,6,4,3,6,4,5,5,5,5,3,NA,NA,NA,NA,NA,NA,NA,Hombre,19,277.1064854
87,Netflix;Canal+ série et/ou film;Apple TV+;Amazone prime vidéo;disney+,Entre 30 minutos y 1 hora,TV réalité;humour/comédie;aventure/action,4,NA,NA,NA,NA,NA,NA,NA,NA,1,NA,NA,5,NA,NA,NA,5,6,6,6,4,5,3,2,5,1,6,6,NA,NA,NA,2,5,NA,NA,Mujer,20,466.5779273
88,Netflix;OCS;Canal+ série et/ou film;Amazone prime vidéo;disney+,Entre 3 y 5 horas,humour/comédie;historique;drame,5,NA,NA,5,2,NA,NA,NA,2,2,2,5,2,5,2,2,2,3,4,5,3,4,4,3,5,3,4,4,NA,NA,5,NA,5,NA,NA,Mujer,20,561.9142588
89,Netflix;OCS;Canal+ série et/ou film;Apple TV+;Amazone prime vidéo;disney+,Entre 0 y 30 minutos,Ciencia Ficcion;Aventura/Accion;Documental,3,NA,NA,NA,1,NA,NA,5,NA,NA,NA,NA,NA,NA,NA,NA,4,6,4,5,6,6,6,4,6,4,6,6,5,5,5,NA,NA,NA,NA,Hombre,19,292.5857181
90,Netflix;OCS;Canal+ série et/ou film;Apple TV+;Amazone prime vidéo;disney+,Entre 1 y 2 horas,Science Fiction;humour/comédie;aventure/action,3,5,5,5,2,NA,NA,5,5,5,NA,NA,NA,NA,NA,NA,4,4,4,2,2,4,4,3,6,3,4,4,5,5,NA,NA,NA,NA,NA,Hombre,19,290.5636556
91,Netflix;OCS;Canal+ série et/ou film;Apple TV+;Amazone prime vidéo,Entre 3 y 5 horas,Ciencia Ficcion;Aventura/Accion;Thriller,6,NA,NA,NA,NA,NA,5,NA,NA,NA,NA,NA,NA,NA,NA,NA,6,6,6,4,6,3,6,4,4,6,5,6,NA,NA,NA,NA,NA,NA,NA,Mujer,18,281.9661808
92,Netflix;OCS;Canal+ série et/ou film;Apple TV+;Amazone prime vidéo;disney+,Entre 30 minutos y 1 hora,humour/comédie;aventure/action;thriller,6,5,NA,5,NA,5,NA,NA,NA,NA,NA,NA,NA,NA,NA,NA,3,3,5,4,4,4,4,4,3,4,3,3,5,NA,NA,NA,NA,NA,NA,Hombre,18,303.3068992
93,Netflix;OCS;Canal+ série et/ou film;Apple TV+;Amazone prime vidéo,Entre 2 y 3 horas,humour/comédie;horreur;thriller,6,NA,NA,NA,1,NA,NA,NA,NA,NA,NA,NA,1,NA,NA,NA,5,5,5,5,3,3,6,3,2,1,6,6,NA,NA,NA,NA,NA,NA,NA,Mujer,21,325.6161532
94,Netflix;OCS;Canal+ série et/ou film;Apple TV+;Amazone prime vidéo,Entre 1 y 2 horas,humour/comédie;horreur;documentaire,6,NA,NA,NA,NA,5,5,5,NA,NA,NA,NA,NA,NA,NA,NA,3,3,6,1,1,2,3,1,3,1,4,6,NA,2,NA,2,5,NA,NA,Mujer,19,422.7586079
95,Netflix;Canal+ série et/ou film;Amazone prime vidéo;disney+,Entre 30 minutos y 1 hora,TV réalité;humour/comédie;romantique,6,NA,NA,NA,NA,NA,NA,5,NA,5,NA,5,NA,NA,5,NA,3,6,6,4,6,4,4,4,4,5,4,4,NA,NA,NA,NA,NA,NA,5,Mujer,18,340.3392636
96,Netflix;OCS;Canal+ série et/ou film;Apple TV+;Amazone prime vidéo;disney+,7 o m?s horas,Science Fiction;humour/comédie;animé,4,NA,NA,NA,2,5,NA,NA,2,5,NA,NA,1,NA,NA,2,3,5,5,2,6,6,5,5,4,2,6,6,5,NA,NA,NA,NA,NA,NA,Hombre,22,467.467659
97,Netflix;OCS;Canal+ série et/ou film;Amazone prime vidéo,Entre 2 y 3 horas,Ciencia Ficcion;Terror;Thriller,4,NA,NA,NA,2,NA,5,5,NA,5,NA,NA,2,5,5,2,4,4,4,2,4,6,6,3,5,3,6,6,5,NA,NA,5,NA,NA,NA,Mujer,24,469.2396033
98,Netflix;OCS;Canal+ série et/ou film;Amazone prime vidéo,Entre 2 y 3 horas,Ciencia Ficcion;Historica;Thriller,6,NA,NA,NA,NA,5,NA,NA,NA,NA,NA,NA,NA,NA,NA,NA,5,5,5,3,3,2,3,3,4,3,4,3,NA,NA,NA,NA,NA,NA,NA,Mujer,20,238.3127706
99,Netflix;OCS;Canal+ série et/ou film;Amazone prime vidéo;disney+,Entre 3 y 5 horas,drame;thriller;animé,6,NA,NA,NA,1,NA,NA,NA,NA,NA,NA,NA,NA,NA,NA,NA,4,5,5,1,1,4,3,1,2,1,3,5,NA,NA,NA,NA,2,NA,NA,Mujer,18,290.4782941
100,Netflix,Entre 2 y 3 horas,humour/comédie;aventure/action;thriller,4,NA,5,5,NA,NA,NA,NA,NA,NA,NA,NA,NA,5,5,5,4,4,4,4,4,5,5,3,4,3,5,5,5,5,5,NA,NA,5,5,Mujer,23,388.1423213
101,Netflix;OCS;Amazone prime vidéo,Entre 30 minutos y 1 hora,TV réalité;aventure/action;thriller,3,NA,NA,5,NA,NA,NA,5,NA,NA,5,NA,NA,NA,NA,5,4,3,5,2,5,5,2,3,2,4,2,2,NA,NA,NA,NA,NA,5,NA,Mujer,21,301.4785901
102,Netflix;Canal+ série et/ou film,Entre 1 y 2 horas,Historica;Thriller,2,NA,NA,2,1,NA,5,NA,1,NA,NA,NA,NA,NA,2,NA,4,1,1,1,1,1,1,1,1,1,1,1,NA,NA,NA,NA,NA,2,NA,Mujer,22,2129.5424193
103,Netflix;Canal+ série et/ou film;Apple TV+;disney+,Entre 30 minutos y 1 hora,TV réalité;horreur;aventure/action,4,5,NA,5,NA,NA,5,5,NA,5,NA,5,NA,5,5,NA,4,4,4,4,4,4,4,3,3,3,5,5,5,NA,NA,NA,NA,5,5,Mujer,20,199.5148316
104,Netflix;Canal+ série et/ou film;disney+,Entre 30 minutos y 1 hora,humour/comédie;aventure/action;drame,4,NA,NA,NA,NA,5,NA,NA,5,NA,NA,NA,NA,NA,5,NA,5,5,5,5,6,6,6,6,6,6,6,6,NA,5,NA,NA,NA,NA,NA,Mujer,18,410.2707393
105,Netflix;OCS;Canal+ série et/ou film;Amazone prime vidéo,Entre 1 y 2 horas,Science Fiction;humour/comédie;aventure/action,1,1,NA,NA,NA,NA,NA,5,5,5,NA,NA,5,NA,NA,NA,4,4,5,2,6,3,5,5,3,5,3,3,NA,2,NA,1,5,NA,NA,Hombre,17,475.3582384
106,Netflix;OCS;Canal+ série et/ou film;Apple TV+;Amazone prime vidéo;disney+,Entre 2 y 3 horas,aventure/action;historique;animé,6,NA,NA,NA,NA,NA,NA,NA,NA,NA,NA,NA,NA,NA,NA,NA,3,4,5,4,4,4,4,4,4,4,4,4,NA,NA,NA,NA,NA,NA,NA,Autre (précisez),18,467.6233939
107,Netflix,Entre 30 minutos y 1 hora,Science Fiction;aventure/action;animé,6,NA,NA,5,2,1,1,NA,NA,NA,NA,NA,5,NA,NA,NA,3,4,5,6,6,6,6,4,5,3,6,6,5,5,5,2,NA,5,NA,Hombre,19,239.1121346
108,Netflix;OCS;Canal+ série et/ou film;Apple TV+;Amazone prime vidéo;disney+,Entre 2 y 3 horas,humour/comédie;horreur;aventure/action,6,NA,NA,NA,2,5,5,NA,NA,NA,NA,NA,NA,NA,5,NA,6,6,6,6,6,6,6,6,6,5,6,6,NA,NA,NA,NA,NA,NA,NA,Hombre,18,223.3502615
109,Netflix;OCS;Canal+ série et/ou film;Apple TV+,Entre 2 y 3 horas,Science Fiction;aventure/action;animé,5,5,NA,5,2,5,NA,NA,NA,NA,5,NA,NA,NA,5,NA,3,5,5,2,3,3,5,3,3,3,4,4,5,5,NA,NA,5,NA,5,Mujer,19,489.8515769
110,Netflix,Entre 30 minutos y 1 hora,humour/comédie;aventure/action;drame,4,NA,NA,5,1,NA,NA,NA,NA,NA,NA,NA,5,NA,NA,NA,5,6,6,6,6,6,3,5,4,6,6,4,NA,1,NA,NA,NA,NA,NA,Hombre,18,278.3762808
111,Netflix,Entre 30 minutos y 1 hora,humour/comédie;horreur;animé,6,NA,NA,NA,NA,NA,NA,NA,5,5,NA,NA,NA,NA,NA,NA,5,5,5,2,6,6,5,6,5,4,2,3,NA,NA,NA,NA,NA,NA,2,Hombre,19,334.3673371
112,Netflix;OCS;Canal+ série et/ou film;Apple TV+;Amazone prime vidéo,Entre 1 y 2 horas,Ciencia Ficcion;Terror;Aventura/Accion,6,NA,NA,NA,NA,NA,NA,NA,NA,5,5,NA,2,NA,NA,NA,3,6,6,2,6,5,3,3,1,4,3,3,NA,NA,NA,NA,5,5,5,Hombre,17,386.9239043
113,Netflix;OCS;Canal+ série et/ou film;Apple TV+;Amazone prime vidéo;disney+;autre (précisez),Entre 5 y 7 horas,Ciencia Ficcion;Biopic;Infantil,6,NA,NA,NA,1,NA,5,NA,NA,NA,1,1,1,NA,1,1,6,6,6,6,6,6,6,6,6,6,6,3,NA,NA,5,2,5,NA,NA,Hombre,20,628.8015905
114,Netflix;OCS;Amazone prime vidéo;disney+,Entre 3 y 5 horas,Terror;Aventura/Accion;Infantil,6,NA,NA,NA,1,NA,NA,NA,NA,NA,NA,NA,NA,NA,NA,NA,6,6,6,6,6,6,6,6,6,6,6,6,NA,NA,NA,NA,NA,NA,NA,Hombre,18,205.1499185
115,Netflix;OCS;Canal+ série et/ou film;Apple TV+;Amazone prime vidéo;disney+,Entre 2 y 3 horas,humour/comédie;aventure/action;drame,5,NA,NA,NA,2,5,5,NA,NA,NA,5,NA,NA,NA,5,5,3,5,4,3,4,4,6,6,6,3,6,6,5,NA,NA,NA,NA,NA,NA,Mujer,18,326.7515891
116,Netflix;Canal+ série et/ou film,Entre 1 y 2 horas,Science Fiction;TV réalité;aventure/action,3,5,NA,5,1,NA,NA,NA,5,5,NA,NA,5,NA,5,NA,5,5,5,5,5,4,5,5,4,5,6,6,NA,NA,NA,NA,NA,NA,NA,Hombre,19,256.8193155
117,Netflix;OCS;Canal+ série et/ou film;Apple TV+;Amazone prime vidéo,Entre 1 y 2 horas,humour/comédie;aventure/action;documentaire,5,NA,NA,5,NA,2,2,NA,NA,5,NA,2,NA,5,NA,NA,4,5,5,5,4,3,3,2,2,4,5,4,5,5,5,5,5,NA,NA,Hombre,20,277.0657318
118,Netflix;OCS;Canal+ série et/ou film;disney+,Entre 1 y 2 horas,humour/comédie;animé;romantique,2,1,1,1,1,1,1,1,1,1,1,1,1,1,1,1,2,2,2,1,1,1,1,1,1,1,1,1,2,2,NA,2,2,1,NA,Mujer,19,523.043035
119,Netflix;OCS;Canal+ série et/ou film;Apple TV+;Amazone prime vidéo;disney+,Entre 1 y 2 horas,humour/comédie;aventure/action;thriller,5,NA,NA,NA,NA,NA,NA,5,NA,NA,2,1,2,5,5,NA,2,5,6,1,5,3,6,6,3,2,6,6,NA,NA,NA,1,5,5,NA,Hombre,18,381.1667392
120,Netflix;OCS;Canal+ série et/ou film;Apple TV+;Amazone prime vidéo;disney+,Entre 1 y 2 horas,TV réalité;humour/comédie;aventure/action,5,NA,NA,NA,NA,5,5,5,5,NA,5,2,NA,NA,NA,5,4,5,6,2,6,6,6,6,4,5,6,6,NA,5,NA,5,NA,5,NA,Hombre,18,291.5313476
121,Netflix;Canal+ série et/ou film;Apple TV+;Amazone prime vidéo,Entre 1 y 2 horas,humour/comédie;aventure/action;jeunesse et famille,3,NA,NA,NA,NA,NA,NA,5,5,NA,5,NA,NA,5,NA,NA,4,4,5,4,3,3,3,4,3,4,2,1,5,NA,NA,NA,5,NA,NA,Mujer,17,431.6016361
122,Netflix;autre (précisez),Entre 3 y 5 horas,humour/comédie;aventure/action;animé,4,NA,NA,NA,NA,NA,NA,NA,NA,5,NA,NA,2,NA,NA,NA,5,6,6,5,2,6,2,3,1,4,6,3,NA,NA,NA,NA,NA,NA,NA,Hombre,18,281.6229786
123,Netflix;OCS;Canal+ série et/ou film;Apple TV+;Amazone prime vidéo;disney+,Entre 1 y 2 horas,humour/comédie;biopic (biographie);romantique,6,NA,NA,5,NA,5,5,NA,NA,5,5,NA,5,5,NA,NA,4,4,5,5,4,5,5,6,6,5,6,5,NA,NA,NA,5,5,NA,NA,Mujer,24,401.2527887
124,Netflix;OCS;Canal+ série et/ou film;Apple TV+;Amazone prime vidéo;disney+,Entre 30 minutos y 1 hora,Drama;Biopic;Romantica,6,NA,NA,NA,NA,NA,NA,NA,5,NA,5,5,NA,NA,NA,NA,6,6,6,4,6,6,6,4,6,4,4,4,NA,NA,NA,NA,NA,NA,NA,Mujer,22,621.9598925
125,Netflix;autre (précisez),Entre 3 y 5 horas,Science Fiction;documentaire;animé,5,NA,NA,NA,NA,5,5,5,NA,NA,NA,NA,NA,NA,NA,NA,4,4,5,3,5,4,6,2,5,2,4,5,5,5,NA,NA,5,5,5,Mujer,19,270.9650865
126,Netflix;Amazone prime vidéo,Entre 1 y 2 horas,Science Fiction;humour/comédie;aventure/action,5,NA,NA,NA,NA,5,NA,NA,NA,5,NA,NA,NA,NA,5,5,6,5,6,4,4,3,5,6,6,6,6,6,NA,NA,NA,1,1,NA,NA,Mujer,18,291.4607918
127,Netflix;OCS,Entre 1 y 2 horas,humour/comédie;aventure/action;historique,5,NA,NA,NA,1,1,1,NA,1,NA,5,NA,NA,NA,NA,5,4,5,5,3,6,6,6,3,4,2,6,6,NA,2,NA,1,NA,NA,NA,Hombre,25,291.134974
128,Netflix;Apple TV+;Amazone prime vidéo,Entre 1 y 2 horas,TV réalité;drame;romantique,4,5,NA,NA,2,NA,2,NA,NA,NA,5,5,NA,NA,5,5,4,4,6,4,3,4,5,3,2,4,5,5,NA,5,5,5,5,NA,NA,Mujer,24,951.8307509
129,Netflix;OCS;Canal+ série et/ou film;Apple TV+;Amazone prime vidéo;disney+,Entre 1 y 2 horas,Science Fiction;TV réalité;horreur,6,NA,NA,NA,2,NA,NA,NA,NA,NA,5,NA,NA,NA,NA,NA,5,6,6,3,3,6,6,6,3,4,4,6,NA,NA,NA,5,NA,NA,NA,Hombre,19,173.3679549
130,Netflix;OCS;Canal+ série et/ou film;Apple TV+;Amazone prime vidéo;disney+;autre (précisez),Entre 1 y 2 horas,humour/comédie;horreur;aventure/action,5,NA,NA,NA,NA,NA,NA,NA,NA,NA,NA,NA,5,NA,NA,NA,4,5,6,6,6,3,5,5,2,2,5,4,NA,NA,NA,NA,5,NA,NA,Hombre,19,223.5908443
131,Netflix;OCS;Canal+ série et/ou film;Amazone prime vidéo;disney+,Entre 2 y 3 horas,Science Fiction;humour/comédie;aventure/action,5,NA,NA,5,NA,NA,NA,NA,NA,5,5,NA,NA,5,NA,5,5,5,5,2,3,2,5,3,4,1,4,3,NA,5,NA,NA,5,NA,5,Mujer,19,367.4151913
132,Netflix;OCS;Canal+ série et/ou film;Apple TV+;Amazone prime vidéo;disney+,Entre 2 y 3 horas,humour/comédie;horreur;animé,6,NA,NA,NA,NA,NA,NA,NA,NA,NA,NA,NA,NA,NA,NA,NA,6,6,6,6,6,6,6,6,6,6,6,6,NA,NA,NA,NA,NA,5,NA,Hombre,18,129.3088438
133,Netflix,Entre 1 y 2 horas,Science Fiction;TV réalité;aventure/action,4,NA,NA,NA,2,NA,NA,NA,NA,NA,NA,NA,NA,NA,NA,NA,4,4,4,3,4,6,5,6,5,5,6,6,NA,1,1,1,1,NA,NA,Hombre,19,249.3852742
134,Netflix;OCS;Canal+ série et/ou film;Amazone prime vidéo,Entre 2 y 3 horas,Ciencia Ficcion;Drama;Thriller,1,NA,NA,NA,2,NA,NA,NA,NA,NA,NA,NA,NA,NA,NA,NA,4,4,4,2,6,3,6,6,2,6,2,3,NA,NA,NA,1,NA,1,NA,Mujer,17,377.8284671
135,Netflix;Canal+ série et/ou film,Entre 3 y 5 horas,TV réalité;drame;thriller,6,NA,NA,NA,NA,2,5,NA,NA,NA,NA,NA,NA,NA,NA,NA,6,6,6,6,6,6,6,6,6,6,6,6,NA,NA,NA,NA,NA,NA,NA,Mujer,19,242.3274737
136,Netflix;OCS;Canal+ série et/ou film;Apple TV+;Amazone prime vidéo,Entre 3 y 5 horas,Science Fiction;humour/comédie;aventure/action,6,NA,NA,NA,1,NA,NA,NA,NA,NA,5,NA,5,NA,NA,NA,6,6,6,6,6,6,6,6,6,1,6,6,NA,NA,NA,NA,NA,NA,NA,Mujer,19,267.3169894
137,Netflix;OCS;Canal+ série et/ou film;Apple TV+;Amazone prime vidéo;disney+,Entre 1 y 2 horas,Aventura/Accion,3,NA,2,NA,2,5,NA,NA,NA,NA,NA,NA,NA,NA,NA,NA,2,2,2,4,2,2,1,2,1,2,2,2,5,NA,NA,NA,NA,NA,5,Hombre,20,523.6482987
138,Netflix;OCS;Canal+ série et/ou film;Amazone prime vidéo,Entre 2 y 3 horas,humour/comédie;aventure/action;documentaire,3,NA,5,5,2,NA,1,5,NA,5,NA,5,NA,NA,NA,NA,3,4,5,3,2,5,4,2,2,1,5,4,5,NA,NA,NA,NA,5,5,Hombre,18,253.0008465
139,Netflix;OCS;Canal+ série et/ou film;Apple TV+;Amazone prime vidéo;disney+,Entre 1 y 2 horas,humour/comédie;aventure/action;animé,5,NA,NA,NA,5,NA,NA,NA,NA,NA,NA,5,2,NA,NA,NA,6,6,6,6,3,6,6,6,6,3,6,6,NA,NA,NA,NA,NA,NA,NA,Hombre,19,287.3279379
140,Netflix;OCS;Canal+ série et/ou film;Apple TV+;Amazone prime vidéo;disney+,Entre 3 y 5 horas,humour/comédie;horreur;thriller,6,NA,NA,NA,NA,5,5,5,NA,5,5,NA,NA,5,5,NA,4,6,5,3,3,4,4,6,4,4,5,4,NA,NA,NA,NA,NA,NA,NA,Mujer,18,258.61137
141,Netflix;OCS;Canal+ série et/ou film;Amazone prime vidéo;disney+,Entre 5 y 7 horas,TV réalité;humour/comédie;aventure/action,6,NA,NA,NA,1,5,NA,NA,NA,NA,NA,NA,NA,NA,NA,5,4,4,6,5,6,4,6,4,1,3,3,1,NA,5,NA,NA,5,NA,5,Mujer,18,264.5759452
142,Netflix;Canal+ série et/ou film;Apple TV+;Amazone prime vidéo;disney+,Entre 1 y 2 horas,Aventura/Accion;Drama;Thriller,5,NA,NA,NA,2,NA,NA,NA,5,NA,5,NA,NA,NA,NA,NA,3,6,6,6,5,6,5,5,3,4,5,5,NA,NA,NA,2,5,NA,NA,Mujer,19,267.5194437
143,Netflix;OCS;Canal+ série et/ou film;Amazone prime vidéo,Entre 3 y 5 horas,TV réalité;aventure/action;documentaire,6,NA,5,NA,NA,NA,NA,NA,5,5,NA,NA,NA,NA,NA,NA,4,4,5,3,4,3,1,6,1,4,3,3,NA,NA,NA,2,NA,NA,NA,Mujer,18,648.7619529
144,Netflix;Canal+ série et/ou film;Amazone prime vidéo,Entre 30 minutos y 1 hora,humour/comédie;aventure/action;thriller,4,5,5,NA,NA,NA,NA,NA,NA,NA,NA,NA,NA,NA,5,5,3,4,5,4,3,2,6,2,5,1,6,6,NA,5,NA,5,5,5,NA,Mujer,18,1465.2481976
145,Netflix;Canal+ série et/ou film;Apple TV+;Amazone prime vidéo,Entre 1 y 2 horas,TV réalité;drame;romantique,6,5,NA,NA,NA,NA,NA,NA,NA,NA,NA,NA,NA,NA,NA,NA,5,4,5,4,4,3,4,3,2,2,3,3,NA,NA,NA,NA,NA,NA,NA,Mujer,19,246.4325878
146,Netflix;OCS;Canal+ série et/ou film;Apple TV+;Amazone prime vidéo;disney+,Entre 2 y 3 horas,Ciencia Ficcion;Aventura/Accion;Thriller,6,NA,NA,NA,2,5,NA,NA,NA,5,5,NA,NA,NA,2,NA,4,5,5,6,5,4,2,3,3,4,2,3,NA,NA,NA,NA,NA,NA,5,Mujer,18,303.8884449
147,Netflix;Canal+ série et/ou film;Apple TV+;Amazone prime vidéo,Entre 30 minutos y 1 hora,TV réalité;aventure/action;romantique,5,NA,NA,5,NA,NA,NA,NA,2,5,NA,NA,NA,5,NA,5,5,5,5,3,5,5,3,5,3,3,3,3,NA,5,5,5,NA,NA,NA,Mujer,24,328.2791908
148,Netflix;Canal+ série et/ou film;Apple TV+;Amazone prime vidéo;disney+,Entre 30 minutos y 1 hora,TV réalité;humour/comédie;aventure/action,6,NA,NA,NA,NA,NA,NA,NA,NA,NA,NA,NA,5,NA,NA,NA,6,6,6,5,3,2,4,3,4,3,4,4,NA,NA,NA,NA,NA,NA,NA,Mujer,20,752.3821546
149,Netflix;Canal+ série et/ou film;Amazone prime vidéo,Entre 0 y 30 minutos,documentaire;animé;romantique,2,NA,NA,NA,1,1,NA,NA,NA,NA,NA,1,NA,NA,NA,NA,3,3,5,4,1,6,6,4,6,4,6,6,NA,NA,NA,NA,NA,NA,NA,Mujer,25,286.2760757
150,Netflix;Canal+ série et/ou film;Amazone prime vidéo,Entre 1 y 2 horas,Science Fiction;TV réalité;aventure/action,5,NA,5,5,NA,NA,NA,5,5,5,5,5,5,NA,NA,5,4,4,5,4,3,4,3,4,2,5,4,3,NA,NA,NA,5,NA,5,5,Mujer,18,458.4992498
151,Netflix;OCS;Canal+ série et/ou film;Apple TV+;Amazone prime vidéo;disney+,Entre 3 y 5 horas,humour/comédie;aventure/action;jeunesse et famille,6,NA,NA,NA,5,NA,NA,NA,NA,NA,NA,NA,NA,NA,NA,NA,6,6,6,5,2,2,5,1,6,4,6,6,NA,NA,NA,NA,NA,NA,NA,Mujer,20,211.425636
152,Netflix;OCS;Canal+ série et/ou film;Apple TV+;Amazone prime vidéo;disney+,Entre 30 minutos y 1 hora,Aventura/Accion;Drama;Thriller,5,NA,NA,NA,5,NA,5,5,NA,NA,5,5,NA,NA,5,NA,5,5,5,4,5,6,6,5,5,6,6,6,NA,5,NA,5,5,NA,NA,Hombre,18,404.1179129
153,Netflix;OCS;Canal+ série et/ou film;Amazone prime vidéo,Entre 30 minutos y 1 hora,Terror;Aventura/Accion;Thriller,6,NA,5,NA,NA,5,NA,NA,5,NA,5,5,NA,NA,5,NA,4,4,5,4,4,2,3,3,3,4,6,6,5,5,NA,NA,5,5,NA,Mujer,18,240.5175523
154,Netflix;OCS;Canal+ série et/ou film;Amazone prime vidéo;disney+,Entre 0 y 30 minutos,humour/comédie;documentaire;romantique,6,NA,NA,NA,1,NA,5,NA,NA,NA,NA,5,NA,NA,NA,5,4,5,6,5,6,1,1,3,2,1,6,6,NA,NA,NA,NA,NA,NA,NA,Mujer,18,337.0951971
155,Netflix;OCS;Canal+ série et/ou film;Apple TV+;Amazone prime vidéo,Entre 2 y 3 horas,aventure/action;documentaire;animé,6,NA,NA,NA,NA,NA,5,5,NA,NA,5,NA,5,NA,NA,5,4,5,5,3,3,4,3,4,2,4,4,3,NA,NA,NA,5,5,NA,NA,Mujer,19,319.4643247
156,Netflix;OCS,Entre 2 y 3 horas,Terror;Aventura/Accion;Drama,4,NA,NA,NA,NA,NA,NA,NA,NA,NA,NA,NA,NA,NA,NA,NA,5,5,4,3,4,6,5,4,5,4,6,6,NA,NA,NA,5,NA,NA,5,Mujer,19,279.3375615
157,Netflix;OCS;Canal+ série et/ou film;Apple TV+;Amazone prime vidéo;disney+,Entre 30 minutos y 1 hora,Aventura/Accion;Thriller,4,5,NA,NA,NA,NA,5,5,NA,5,NA,NA,2,NA,NA,NA,5,5,5,4,2,4,3,6,5,5,6,4,NA,NA,5,NA,5,NA,5,Mujer,18,408.6654526
158,Netflix;OCS;Canal+ série et/ou film;Apple TV+;Amazone prime vidéo;disney+,Entre 1 y 2 horas,TV réalité;drame;jeunesse et famille,6,NA,NA,NA,NA,5,NA,NA,NA,NA,NA,NA,NA,NA,NA,NA,4,5,6,6,6,5,6,6,4,4,5,5,NA,5,NA,5,NA,NA,NA,Mujer,18,409.1407365
159,Netflix;Canal+ série et/ou film;Apple TV+,Entre 30 minutos y 1 hora,Terror;Infantil;Romantica,1,5,1,NA,1,NA,NA,NA,NA,NA,NA,2,NA,NA,NA,NA,5,6,6,4,5,6,1,1,1,4,1,1,NA,NA,NA,NA,NA,NA,5,Mujer,18,364.8664945
160,Netflix;OCS;Canal+ série et/ou film;Amazone prime vidéo;disney+,Entre 3 y 5 horas,horreur;thriller;animé,5,NA,NA,NA,5,NA,5,NA,NA,5,NA,5,1,NA,NA,NA,6,6,6,6,1,4,6,6,6,6,5,4,NA,NA,NA,NA,NA,NA,NA,Hombre,22,358.4361058
161,Netflix;OCS;Canal+ série et/ou film;Apple TV+;Amazone prime vidéo;disney+,Entre 30 minutos y 1 hora,humour/comédie;aventure/action;romantique,4,NA,5,5,NA,2,NA,5,5,5,NA,2,NA,NA,NA,NA,4,5,5,3,3,5,4,3,5,3,5,5,5,NA,5,NA,5,5,NA,Hombre,22,479.4269193
162,Netflix;OCS;Canal+ série et/ou film;Amazone prime vidéo;disney+,Entre 1 y 2 horas,Science Fiction;humour/comédie;romantique,6,5,NA,NA,2,5,NA,NA,NA,NA,NA,NA,NA,NA,5,NA,4,5,5,6,6,6,3,3,1,6,3,6,NA,NA,NA,NA,NA,NA,NA,Mujer,19,1301.8109538
163,Netflix;Canal+ série et/ou film;Apple TV+;Amazone prime vidéo;disney+,Entre 1 y 2 horas,TV réalité;aventure/action,3,NA,2,NA,2,NA,2,5,2,NA,NA,NA,NA,NA,NA,NA,4,4,5,4,4,5,5,3,5,3,5,6,NA,NA,NA,2,NA,2,5,Hombre,19,348.9224897
164,Netflix;OCS;Canal+ série et/ou film;Apple TV+;Amazone prime vidéo;disney+,Entre 2 y 3 horas,Biopic,6,NA,NA,NA,1,NA,NA,5,5,5,NA,NA,NA,NA,NA,NA,6,6,6,1,3,4,3,2,6,1,1,6,NA,5,NA,5,NA,5,NA,Hombre,18,217.7535893
165,Netflix;OCS;Canal+ série et/ou film;Apple TV+;Amazone prime vidéo;disney+,Entre 30 minutos y 1 hora,TV réalité;animé;jeunesse et famille,4,NA,NA,1,1,NA,5,5,5,5,5,NA,NA,NA,NA,NA,3,4,5,5,5,5,3,4,3,4,3,2,5,NA,NA,NA,NA,NA,NA,Mujer,17,303.1057577
166,Netflix;OCS;Canal+ série et/ou film;Apple TV+;Amazone prime vidéo;disney+,Entre 3 y 5 horas,Science Fiction;aventure/action;animé,6,NA,NA,NA,NA,NA,NA,5,NA,NA,NA,NA,NA,NA,2,NA,6,6,6,6,3,2,4,6,4,6,6,6,NA,NA,NA,NA,NA,NA,NA,Hombre,18,851.1157413
167,Netflix,Entre 1 y 2 horas,Aventura/Accion;Drama;Thriller,4,NA,NA,5,NA,NA,NA,5,NA,5,NA,5,5,5,5,NA,4,4,5,2,4,3,3,5,6,4,6,6,NA,NA,NA,NA,5,5,5,Mujer,19,390.3943846
168,Netflix;OCS;Canal+ série et/ou film;Apple TV+;Amazone prime vidéo;disney+,Entre 1 y 2 horas,Science Fiction;humour/comédie;animé,4,NA,NA,NA,5,NA,NA,5,NA,5,5,NA,NA,NA,5,NA,5,6,1,3,4,3,6,6,2,5,6,6,NA,NA,NA,5,5,5,NA,Hombre,18,353.9235791
169,Netflix;OCS;Canal+ série et/ou film;Amazone prime vidéo,Entre 2 y 3 horas,Science Fiction;humour/comédie;aventure/action,5,NA,NA,NA,NA,5,5,NA,NA,NA,NA,5,NA,NA,NA,NA,6,6,6,5,5,4,3,5,2,5,6,6,NA,NA,NA,NA,NA,NA,NA,Hombre,18,340.2676698
170,Netflix;Apple TV+;Disney+,Entre 3 y 5 horas,TV réalité;horreur;drame,6,NA,NA,NA,NA,NA,NA,NA,5,5,5,NA,NA,NA,NA,NA,4,5,6,3,4,3,6,4,4,4,5,6,NA,5,5,NA,NA,NA,NA,Mujer,17,317.3921634
171,Netflix;Canal+ série et/ou film,Entre 2 y 3 horas,Aventura/Accion;Documental;Thriller,6,NA,NA,NA,NA,5,5,NA,NA,NA,NA,5,NA,NA,NA,NA,4,5,6,6,6,4,4,6,3,6,4,6,5,NA,NA,NA,NA,NA,NA,Mujer,17,517.2119998
172,Netflix;OCS;Canal+ série et/ou film;Apple TV+;Amazone prime vidéo;disney+,Entre 1 y 2 horas,Ciencia Ficcion;Aventura/Accion;Thriller,6,NA,NA,NA,1,NA,NA,NA,NA,NA,NA,NA,NA,NA,NA,5,6,6,6,6,6,6,5,5,4,6,5,4,NA,NA,NA,5,NA,NA,NA,Mujer,18,335.4183688
173,Netflix;Canal+ série et/ou film;Apple TV+;Amazone prime vidéo;disney+,Entre 30 minutos y 1 hora,Aventura/Accion,2,2,2,NA,2,5,NA,2,NA,NA,NA,2,NA,NA,NA,NA,2,3,3,3,3,3,3,2,2,2,2,3,NA,NA,NA,NA,NA,NA,NA,Mujer,18,203.9030595
174,Netflix;Canal+ série et/ou film,Entre 1 y 2 horas,Ciencia Ficcion;Drama;Thriller,4,NA,NA,NA,2,NA,NA,5,NA,5,5,NA,NA,5,NA,NA,5,4,4,4,6,2,3,2,1,6,4,6,5,5,5,2,5,NA,5,Mujer,17,405.9501305
175,Netflix;Canal+ série et/ou film;Amazone prime vidéo;disney+,Entre 0 y 30 minutos,Aventura/Accion;Historica;Biopic,1,1,1,5,1,NA,5,5,NA,NA,5,5,5,NA,5,NA,4,5,6,5,5,4,5,5,3,5,5,5,NA,5,NA,NA,NA,2,NA,Mujer,18,329.0168741
176,Netflix;OCS;Canal+ série et/ou film;Apple TV+;Amazone prime vidéo;disney+,Entre 3 y 5 horas,Science Fiction;humour/comédie;aventure/action,6,NA,NA,NA,NA,NA,NA,NA,NA,NA,NA,NA,NA,NA,NA,NA,6,4,5,2,4,2,3,1,1,3,6,3,NA,2,NA,NA,NA,NA,NA,Hombre,19,371.5183839
177,Netflix;OCS;Canal+ série et/ou film;Apple TV+;Amazone prime vidéo;disney+,Entre 1 y 2 horas,humour/comédie,2,NA,5,NA,NA,5,NA,NA,5,NA,5,5,NA,5,2,NA,4,4,5,2,3,5,3,5,2,4,2,2,NA,2,NA,NA,NA,5,5,Hombre,19,547.4473
178,Netflix;OCS;Canal+ série et/ou film;Apple TV+;Amazone prime vidéo,Entre 2 y 3 horas,TV réalité;humour/comédie;romantique,6,NA,NA,NA,NA,NA,NA,NA,5,NA,NA,NA,5,NA,NA,NA,6,6,6,6,5,5,2,6,3,5,3,4,NA,NA,NA,5,NA,NA,NA,Mujer,19,369.6251454
179,Netflix;OCS;Canal+ série et/ou film;Amazone prime vidéo;disney+,Entre 0 y 30 minutos,humour/comédie;drame;romantique,5,NA,NA,NA,NA,NA,NA,NA,NA,NA,NA,2,NA,NA,5,NA,5,5,5,4,3,4,2,3,3,3,5,5,NA,NA,NA,NA,NA,NA,NA,Mujer,18,356.9408187
180,Netflix;OCS;Canal+ série et/ou film;Apple TV+;Amazone prime vidéo,Entre 2 y 3 horas,TV réalité;aventure/action;drame,6,NA,NA,NA,NA,5,NA,NA,NA,NA,NA,NA,NA,NA,5,NA,4,6,6,6,3,6,6,5,2,4,6,5,NA,NA,NA,NA,NA,NA,NA,Mujer,19,244.82975
181,Netflix;OCS;Amazone prime vidéo,Entre 1 y 2 horas,humour/comédie;aventure/action,4,NA,NA,5,2,NA,NA,5,2,NA,NA,NA,NA,NA,2,NA,4,3,6,4,4,4,4,4,4,4,4,4,NA,5,NA,2,2,NA,NA,Hombre,18,310.2324064
182,Netflix;OCS,Entre 3 y 5 horas,Aventura/Accion;Drama;Romantica,6,NA,NA,NA,NA,5,NA,NA,5,5,NA,NA,5,NA,NA,NA,6,6,6,3,6,1,1,6,3,6,4,5,NA,5,NA,NA,NA,NA,5,Mujer,18,224.3524225
183,Netflix;Canal+ série et/ou film;Apple TV+;Amazone prime vidéo;disney+;autre (précisez),Entre 1 y 2 horas,Ciencia Ficcion;Aventura/Accion;Documental,6,NA,NA,5,NA,1,NA,NA,NA,5,5,NA,NA,NA,NA,NA,3,5,6,4,6,6,6,6,4,6,6,6,NA,NA,NA,NA,NA,NA,NA,Hombre,19,656.4968578
184,Netflix;OCS,Entre 2 y 3 horas,TV réalité;aventure/action;thriller,5,NA,NA,NA,1,NA,NA,5,NA,NA,NA,5,NA,5,NA,NA,5,6,6,4,6,6,6,4,6,1,6,5,5,2,5,NA,5,NA,NA,Hombre,18,259.12468
185,Netflix;OCS;Canal+ série et/ou film;Apple TV+;Amazone prime vidéo;disney+,7 o m?s horas,Science Fiction;aventure/action;animé,3,NA,NA,NA,NA,NA,NA,NA,5,NA,NA,NA,1,NA,NA,5,4,4,5,2,4,4,4,3,3,3,5,6,5,NA,NA,NA,NA,NA,NA,Hombre,20,271.4909696
186,Netflix;Canal+ série et/ou film,Entre 1 y 2 horas,Terror,3,5,NA,NA,NA,NA,NA,5,5,5,NA,NA,NA,NA,NA,NA,5,5,5,3,3,3,3,3,3,3,3,4,5,5,5,5,5,5,NA,Mujer,25,434.008932
187,Netflix;OCS;Canal+ série et/ou film;Apple TV+;Amazone prime vidéo;disney+;autre (précisez),Entre 2 y 3 horas,Science Fiction;aventure/action;animé,4,NA,NA,NA,NA,5,5,5,NA,NA,NA,NA,NA,5,5,5,5,5,5,5,4,5,6,2,6,4,6,6,NA,NA,NA,5,5,NA,NA,Hombre,18,779.797198
188,Netflix;OCS;Canal+ série et/ou film,Entre 1 y 2 horas,humour/comédie;jeunesse et famille;romantique,6,NA,NA,NA,1,NA,2,NA,NA,NA,NA,2,NA,NA,NA,NA,5,5,5,3,3,3,1,5,1,4,3,4,NA,NA,NA,1,NA,NA,NA,Mujer,18,305.8367684
189,Netflix;OCS;Canal+ série et/ou film;Apple TV+;Amazone prime vidéo;disney+,Entre 3 y 5 horas,humour/comédie;jeunesse et famille;romantique,6,5,5,5,2,5,5,5,5,5,5,5,5,5,5,NA,4,6,5,4,4,4,1,4,4,2,2,2,NA,5,5,5,5,5,5,Mujer,18,227.2409647
190,Netflix;Canal+ série et/ou film;Apple TV+;Amazone prime vidéo,Entre 2 y 3 horas,humour/comédie;thriller;biopic (biographie),4,5,NA,5,2,5,5,5,5,5,NA,NA,5,5,5,5,5,5,5,3,3,4,5,5,3,4,4,4,5,NA,NA,5,5,5,NA,Hombre,19,1041.5181303
191,Netflix;OCS;Canal+ série et/ou film;Amazone prime vidéo,Entre 2 y 3 horas,humour/comédie,6,NA,NA,5,NA,5,NA,NA,NA,5,5,5,NA,5,5,5,3,3,5,4,3,3,6,6,4,3,6,6,NA,NA,NA,NA,NA,NA,NA,Hombre,18,792.8531777
192,Netflix;Canal+ série et/ou film,Entre 1 y 2 horas,Terror;Drama;Thriller,5,NA,5,NA,NA,5,5,NA,5,5,5,NA,5,NA,5,5,5,6,6,4,4,4,3,4,1,4,6,3,5,NA,NA,NA,NA,5,NA,Mujer,18,197.80218
193,Netflix;OCS;Canal+ série et/ou film;Apple TV+;Amazone prime vidéo;disney+,Entre 1 y 2 horas,Aventura/Accion,3,5,NA,NA,NA,NA,2,NA,NA,NA,5,NA,NA,NA,5,NA,4,5,6,6,3,2,1,6,1,4,3,3,NA,5,NA,NA,NA,NA,NA,Hombre,20,331.3020648
194,Netflix;OCS;Canal+ série et/ou film,Entre 30 minutos y 1 hora,Ciencia Ficcion;Aventura/Accion;Documental,4,NA,5,NA,NA,5,NA,NA,2,NA,NA,5,NA,5,NA,5,4,4,4,4,2,3,6,3,6,3,6,6,NA,NA,5,2,2,NA,5,Hombre,18,525.816838
195,Netflix;OCS;Canal+ série et/ou film;Apple TV+;Amazone prime vidéo;disney+,Entre 1 y 2 horas,Science Fiction;humour/comédie,1,1,1,NA,1,NA,NA,NA,NA,NA,2,NA,5,NA,2,2,2,3,3,2,2,3,5,2,2,3,5,2,NA,2,5,2,NA,2,2,Mujer,18,466.1842331
196,Netflix;OCS;Canal+ série et/ou film;Apple TV+;Amazone prime vidéo;disney+,Entre 2 y 3 horas,Aventura/Accion;Documental;Drama,4,NA,NA,NA,1,5,5,NA,NA,5,5,NA,NA,NA,NA,NA,3,4,6,1,1,6,6,6,6,6,6,6,NA,NA,NA,5,NA,NA,NA,Hombre,18,476.000817
197,Netflix;OCS;Canal+ série et/ou film;Apple TV+;Amazone prime vidéo,Entre 1 y 2 horas,humour/comédie;aventure/action;romantique,4,NA,NA,5,NA,5,5,NA,NA,NA,NA,5,2,5,5,NA,4,4,2,5,4,3,2,4,5,5,2,1,NA,NA,NA,NA,NA,NA,NA,Mujer,19,360.756392
198,Netflix,Entre 1 y 2 horas,Documental;Drama;Biopic,3,5,NA,NA,2,NA,NA,NA,NA,NA,NA,NA,NA,NA,NA,NA,4,5,5,4,6,6,6,6,6,6,6,6,NA,NA,NA,NA,NA,NA,NA,Hombre,18,245.956295
199,Netflix;OCS;Canal+ série et/ou film;Amazone prime vidéo;disney+,Entre 2 y 3 horas,Science Fiction;aventure/action;animé,4,NA,NA,NA,2,5,5,NA,5,NA,5,NA,5,NA,5,5,4,5,5,3,4,5,5,6,3,4,6,6,NA,NA,NA,1,NA,5,5,Mujer,18,324.2393888
200,Netflix;OCS;Canal+ série et/ou film;Apple TV+;Amazone prime vidéo;disney+,Entre 3 y 5 horas,Science Fiction;documentaire;animé,5,NA,NA,NA,2,NA,5,2,5,NA,NA,NA,5,5,NA,5,3,5,5,5,5,4,3,3,3,2,4,3,5,5,5,NA,NA,NA,5,Hombre,20,371.2054796
201,Netflix;Amazone prime vidéo,Entre 1 y 2 horas,Ciencia Ficcion;Aventura/Accion;Romantica,6,NA,NA,5,2,NA,NA,5,5,NA,5,5,NA,NA,5,NA,4,6,6,3,4,3,5,4,3,2,4,3,NA,5,5,2,2,NA,5,Mujer,19,478.4102799
202,Netflix;Apple TV+;Amazone prime vidéo,Entre 1 y 2 horas,Aventura/Accion;Historica;Thriller,4,NA,NA,5,NA,NA,5,NA,NA,5,5,5,NA,5,NA,5,5,5,5,4,3,3,3,5,3,3,3,5,NA,1,NA,1,2,NA,5,Mujer,18,311.2313084
203,Netflix;OCS;Canal+ série et/ou film;Amazone prime vidéo,Entre 1 y 2 horas,Aventura/Accion;Drama;Thriller,3,NA,NA,NA,1,5,NA,5,NA,NA,NA,NA,5,5,NA,NA,3,4,4,3,3,2,2,1,3,1,3,1,NA,NA,NA,NA,NA,NA,NA,Mujer,19,386.4328811
204,Netflix;Canal+ série et/ou film;Apple TV+;disney+,Entre 2 y 3 horas,TV réalité;horreur;aventure/action,6,NA,NA,NA,NA,5,NA,5,NA,NA,5,NA,2,5,NA,NA,5,5,5,5,5,4,3,4,4,3,2,4,NA,NA,NA,5,NA,NA,NA,Hombre,18,181.4551774
205,Netflix;Canal+ série et/ou film,Entre 1 y 2 horas,humour/comédie;aventure/action;documentaire,4,NA,5,NA,NA,5,5,NA,NA,NA,NA,NA,NA,NA,NA,NA,4,6,6,4,6,6,4,6,4,6,4,3,NA,NA,NA,5,NA,NA,NA,Hombre,18,368.817142
206,Netflix;OCS;Canal+ série et/ou film;Amazone prime vidéo;disney+,Entre 2 y 3 horas,Aventura/Accion;Drama;Thriller,6,NA,NA,NA,NA,5,NA,NA,5,NA,NA,NA,NA,NA,5,NA,6,6,6,6,5,4,6,5,6,5,6,6,NA,NA,NA,NA,NA,NA,NA,Mujer,18,260.7727992
207,Netflix;OCS;Canal+ série et/ou film;Amazone prime vidéo;disney+,Entre 1 y 2 horas,Science Fiction;humour/comédie;animé,6,5,NA,NA,NA,NA,NA,NA,2,NA,NA,1,NA,NA,NA,5,4,6,6,6,6,1,6,6,1,6,6,1,NA,5,5,1,NA,NA,NA,Hombre,19,797.7785741
208,Netflix;OCS;Canal+ série et/ou film;Apple TV+;Amazone prime vidéo,Entre 1 y 2 horas,Science Fiction;humour/comédie;aventure/action,4,NA,NA,NA,2,NA,NA,NA,NA,NA,NA,NA,NA,NA,NA,NA,4,4,4,4,4,4,4,4,5,4,4,4,NA,NA,5,2,2,5,5,Hombre,19,307.1119419
209,Netflix;OCS;Canal+ série et/ou film;Apple TV+;Amazone prime vidéo;autre (précisez),Entre 3 y 5 horas,documentaire;animé;biopic (biographie),3,NA,5,NA,2,NA,NA,NA,NA,NA,NA,NA,NA,NA,2,NA,2,3,5,1,3,1,2,6,6,2,6,6,NA,5,NA,NA,NA,5,NA,Hombre,19,817.5072915
210,Netflix,Entre 1 y 2 horas,humour/comédie;stand-up;animé,5,NA,NA,5,2,5,NA,5,NA,5,NA,5,5,NA,5,NA,3,3,4,4,3,1,1,1,1,4,1,1,NA,NA,NA,NA,NA,NA,5,Mujer,19,341.5561471
211,Netflix;OCS;Canal+ série et/ou film;Apple TV+;Amazone prime vidéo;disney+,Entre 1 y 2 horas,humour/comédie;aventure/action;romantique,4,NA,NA,5,NA,NA,NA,NA,5,NA,NA,NA,NA,NA,NA,NA,2,4,5,3,3,5,2,5,1,5,1,3,NA,NA,NA,2,NA,NA,NA,Mujer,17,516.962336
212,Netflix;Amazone prime vidéo,Entre 30 minutos y 1 hora,Aventura/Accion,3,5,NA,NA,1,2,2,NA,5,NA,5,NA,NA,NA,2,2,3,2,5,1,3,3,5,6,1,2,1,2,NA,NA,NA,2,5,NA,NA,Hombre,18,497.3947211
213,Netflix,Entre 2 y 3 horas,Ciencia Ficcion;Terror;Aventura/Accion,4,NA,NA,5,NA,5,5,5,5,5,5,5,NA,5,5,NA,5,5,5,5,5,5,2,5,5,5,2,2,NA,NA,NA,NA,NA,NA,NA,Hombre,18,318.1555524
214,Netflix;Amazone prime vidéo,Entre 2 y 3 horas,humour/comédie,5,5,5,NA,2,NA,NA,NA,5,NA,NA,5,NA,NA,NA,5,4,5,4,6,1,6,6,4,5,5,5,6,5,5,5,5,NA,5,5,Mujer,23,237.1143133
215,Netflix,Entre 2 y 3 horas,TV réalité;horreur;documentaire,5,NA,NA,NA,NA,NA,NA,NA,NA,NA,NA,NA,NA,NA,NA,NA,5,5,5,4,6,6,6,6,3,4,6,4,NA,NA,NA,5,5,NA,NA,Mujer,18,201.7761326
216,Netflix;OCS;Canal+ série et/ou film;Amazone prime vidéo;disney+,Entre 2 y 3 horas,Ciencia Ficcion;Aventura/Accion;Drama,6,NA,NA,NA,5,2,5,NA,NA,NA,5,NA,NA,NA,NA,NA,4,5,5,3,5,2,4,3,5,4,5,5,NA,NA,NA,NA,NA,NA,NA,Mujer,22,549.0305233
217,Netflix;OCS;Canal+ série et/ou film;Amazone prime vidéo,Entre 3 y 5 horas,humour/comédie;aventure/action;thriller,6,5,NA,NA,1,NA,2,5,2,5,5,5,5,5,NA,2,3,4,5,1,3,2,4,2,6,4,2,5,NA,5,NA,NA,NA,5,NA,Hombre,18,338.18625050000003
218,Netflix;OCS;Canal+ série et/ou film;Amazone prime vidéo,Entre 1 y 2 horas,Science Fiction;humour/comédie;aventure/action,5,NA,NA,NA,NA,2,NA,5,NA,5,5,NA,NA,5,NA,NA,5,6,6,1,2,5,4,3,4,4,4,6,NA,NA,NA,NA,NA,NA,2,Mujer,20,594.9819811
219,Netflix;Canal+ série et/ou film;Amazone prime vidéo;disney+,Entre 30 minutos y 1 hora,Science Fiction;TV réalité;aventure/action,5,NA,NA,NA,NA,NA,NA,NA,NA,NA,NA,NA,NA,NA,NA,NA,6,6,6,6,6,5,4,6,6,6,6,6,NA,NA,NA,NA,NA,5,NA,Hombre,18,345.3771723
220,Netflix;Canal+ série et/ou film;Amazone prime vidéo;disney+;autre (précisez),Entre 2 y 3 horas,Science Fiction;humour/comédie;romantique,2,1,1,5,1,1,NA,1,1,1,1,1,1,NA,NA,1,4,4,4,2,6,1,1,2,6,1,6,6,NA,NA,5,NA,NA,1,5,Mujer,18,418.1811968
221,Netflix;Canal+ série et/ou film;Amazone prime vidéo;disney+,Entre 30 minutos y 1 hora,Terror;Documental;Drama,4,NA,NA,NA,NA,NA,NA,NA,NA,NA,5,NA,NA,NA,NA,NA,5,5,5,4,6,4,6,6,6,4,6,6,5,5,5,NA,NA,NA,NA,Mujer,19,422.0762101
222,Netflix,Entre 2 y 3 horas,Ciencia Ficcion;Terror;Thriller,6,5,2,NA,NA,NA,NA,5,NA,NA,NA,5,5,5,NA,NA,4,2,3,1,4,5,4,4,5,5,5,3,2,NA,NA,NA,2,NA,NA,Hombre,21,79.5001683
223,Netflix;OCS;Canal+ série et/ou film;Apple TV+;Amazone prime vidéo;disney+,Entre 3 y 5 horas,Ciencia Ficcion;Terror;Thriller,6,NA,NA,NA,NA,2,NA,NA,NA,NA,NA,5,2,NA,NA,NA,6,6,6,5,5,5,3,4,2,5,4,6,NA,NA,NA,5,NA,NA,NA,Mujer,18,373.6353618
224,Netflix;OCS;Canal+ série et/ou film;Apple TV+;Amazone prime vidéo,Entre 1 y 2 horas,Science Fiction;humour/comédie,3,NA,NA,NA,1,NA,5,5,5,5,5,NA,2,5,2,5,4,3,3,3,3,3,3,3,3,3,3,4,NA,2,NA,2,5,2,2,Hombre,20,193.7750937
225,Netflix,Entre 1 y 2 horas,Aventura/Accion;Thriller,3,NA,NA,NA,1,NA,NA,NA,NA,NA,NA,NA,NA,5,NA,NA,5,4,4,5,4,5,6,3,6,3,6,6,NA,NA,5,NA,5,NA,NA,Mujer,23,566.2182578
226,Netflix,Entre 2 y 3 horas,Ciencia Ficcion;Terror,4,NA,2,NA,NA,5,2,NA,NA,5,NA,2,5,5,5,5,5,4,4,1,3,3,3,2,5,1,5,5,5,NA,NA,5,5,NA,5,Mujer,24,217.8577285
227,Netflix;OCS;Canal+ série et/ou film;Apple TV+;Amazone prime vidéo;disney+,Entre 0 y 30 minutos,Ciencia Ficcion,2,NA,1,2,1,NA,NA,NA,NA,5,NA,NA,NA,NA,NA,NA,4,4,4,3,1,2,2,3,1,5,4,4,NA,NA,NA,1,1,2,NA,Hombre,20,340.2097539
228,Netflix;OCS;Canal+ série et/ou film;disney+,Entre 2 y 3 horas,TV réalité;aventure/action;romantique,6,NA,NA,NA,5,NA,NA,NA,NA,5,5,NA,NA,5,2,5,4,5,4,5,6,6,5,4,3,4,3,5,NA,NA,NA,NA,NA,NA,NA,Mujer,18,229.4190763
229,Netflix;OCS;Canal+ série et/ou film;Apple TV+;Amazone prime vidéo;disney+,Entre 1 y 2 horas,Science Fiction;humour/comédie;aventure/action,6,NA,NA,NA,NA,5,5,5,5,5,NA,NA,NA,5,NA,5,3,5,5,1,1,3,6,1,6,1,6,6,NA,NA,NA,NA,NA,NA,NA,Hombre,24,1575.708652
230,Netflix;OCS;Canal+ série et/ou film;Amazone prime vidéo;disney+,Entre 1 y 2 horas,Ciencia Ficcion;Terror;Romantica,5,NA,NA,5,NA,5,NA,NA,2,5,NA,5,5,NA,5,5,4,4,5,1,2,3,5,3,2,2,5,4,NA,5,NA,5,NA,NA,5,Mujer,23,690.1404815
231,Netflix;OCS;Canal+ série et/ou film,Entre 2 y 3 horas,Ciencia Ficcion;Aventura/Accion;Drama,6,NA,NA,2,2,5,5,NA,NA,NA,5,5,NA,NA,NA,NA,4,4,4,6,6,4,3,6,2,6,4,6,NA,NA,NA,NA,NA,NA,NA,Hombre,19,280.498385
232,Netflix;OCS,Entre 3 y 5 horas,Ciencia Ficcion;Aventura/Accion;Documental,4,NA,5,NA,NA,5,NA,5,NA,5,NA,NA,NA,NA,5,5,5,6,6,1,6,4,3,3,3,3,4,4,NA,5,NA,5,NA,NA,NA,Hombre,19,426.1363865
233,Netflix;Canal+ série et/ou film;Amazone prime vidéo;disney+,Entre 0 y 30 minutos,stand-up;animé;romantique,3,NA,1,NA,1,2,NA,NA,1,1,NA,NA,NA,5,2,NA,2,3,4,6,1,1,1,3,4,3,6,6,NA,2,2,1,1,1,NA,Mujer,20,305.89002
234,Netflix;OCS;Canal+ série et/ou film;Apple TV+;Amazone prime vidéo;disney+,Entre 30 minutos y 1 hora,humour/comédie;documentaire;romantique,5,NA,NA,5,NA,5,NA,NA,NA,NA,5,5,NA,NA,5,5,4,5,5,4,4,4,3,4,5,4,4,4,5,NA,5,NA,NA,NA,5,Mujer,24,505.0258778
235,Netflix;OCS;Canal+ série et/ou film;Apple TV+;Amazone prime vidéo;disney+,Entre 1 y 2 horas,TV réalité;humour/comédie;romantique,5,NA,NA,NA,1,5,NA,NA,NA,NA,5,NA,2,NA,NA,5,4,5,6,1,3,6,6,4,2,3,6,6,NA,5,NA,NA,5,NA,NA,Mujer,18,319.2709775
236,Netflix;OCS;Canal+ série et/ou film;Apple TV+;Amazone prime vidéo;disney+,Entre 3 y 5 horas,Terror;Drama;Romantica,5,NA,NA,NA,NA,5,NA,NA,NA,5,NA,NA,NA,NA,NA,5,6,6,6,4,3,3,4,6,2,4,6,4,NA,NA,NA,NA,NA,NA,NA,Mujer,18,253.9254901
237,Netflix;OCS;Canal+ série et/ou film;Apple TV+;Amazone prime vidéo;disney+,Entre 1 y 2 horas,TV réalité;humour/comédie;aventure/action,6,NA,NA,NA,1,NA,NA,2,2,1,5,5,5,5,5,5,6,6,6,2,5,3,2,2,2,2,2,3,NA,NA,NA,NA,NA,NA,NA,Mujer,18,210.9864962
238,Netflix;Canal+ série et/ou film;Apple TV+;Amazone prime vidéo;disney+,Entre 1 y 2 horas,TV réalité;humour/comédie;romantique,6,NA,NA,NA,NA,NA,5,NA,NA,NA,NA,NA,NA,NA,NA,NA,5,6,6,5,6,3,3,6,3,6,5,3,5,NA,NA,NA,NA,NA,5,Mujer,18,217.6167953
239,Netflix;OCS;Canal+ série et/ou film;Apple TV+;Amazone prime vidéo;disney+,Entre 1 y 2 horas,TV réalité;aventure/action;documentaire,5,NA,NA,5,1,NA,NA,NA,NA,5,NA,5,5,NA,5,5,5,6,6,3,3,3,3,6,4,6,5,6,NA,NA,NA,NA,NA,NA,NA,Mujer,21,489.0853551
240,Netflix;Canal+ série et/ou film;Apple TV+,Entre 1 y 2 horas,humour/comédie;horreur;aventure/action,5,5,5,5,NA,NA,NA,5,NA,NA,5,NA,NA,5,5,5,5,5,5,2,4,2,2,4,2,4,3,3,5,NA,5,5,5,5,5,Mujer,18,428.8974308
241,Netflix;Canal+ série et/ou film;Amazone prime vidéo;disney+,Entre 2 y 3 horas,Science Fiction;humour/comédie;aventure/action,6,NA,NA,NA,1,NA,NA,NA,NA,NA,NA,NA,NA,NA,NA,NA,6,6,6,4,1,3,3,6,6,6,6,6,NA,1,NA,NA,5,NA,NA,Hombre,19,461.6544295
242,Netflix;OCS;Canal+ série et/ou film;disney+,Entre 30 minutos y 1 hora,Ciencia Ficcion;Aventura/Accion;Drama,6,NA,NA,NA,2,NA,2,5,2,NA,NA,NA,1,5,2,NA,4,4,5,3,6,6,2,5,3,3,2,1,5,5,NA,NA,NA,NA,5,Mujer,25,340.6510098
243,Netflix;OCS;Amazone prime vidéo,Entre 3 y 5 horas,TV réalité;drame;romantique,6,NA,NA,NA,NA,5,5,NA,NA,NA,NA,NA,5,NA,NA,NA,5,6,6,3,4,5,3,6,6,6,5,3,NA,NA,NA,NA,NA,NA,NA,Mujer,22,552.9849297
244,Netflix;OCS;Canal+ série et/ou film;Apple TV+;Amazone prime vidéo;disney+,Entre 2 y 3 horas,Science Fiction;aventure/action;animé,5,NA,NA,NA,NA,NA,5,5,NA,5,NA,5,5,NA,NA,5,5,6,6,3,6,6,6,6,6,6,6,6,NA,NA,NA,NA,5,5,5,Hombre,19,453.6842089
245,Netflix;Amazone prime vidéo,Entre 2 y 3 horas,TV réalité;drame;thriller,3,NA,NA,5,2,5,5,NA,2,NA,NA,NA,NA,NA,5,NA,4,4,5,6,4,5,6,5,3,5,6,6,NA,NA,5,2,NA,NA,NA,Mujer,20,239.589221
246,Netflix;Canal+ série et/ou film;Apple TV+;Amazone prime vidéo,Entre 30 minutos y 1 hora,TV réalité;humour/comédie;documentaire,3,NA,NA,NA,1,NA,NA,2,NA,NA,NA,NA,NA,NA,2,2,2,3,4,4,3,5,4,3,3,2,6,3,5,NA,NA,2,2,NA,NA,Mujer,20,252.2666635
247,Netflix;Canal+ série et/ou film;Amazone prime vidéo,Entre 2 y 3 horas,humour/comédie;stand-up;aventure/action,6,NA,NA,NA,NA,NA,NA,NA,NA,NA,NA,NA,NA,NA,NA,NA,5,5,6,5,5,6,6,6,6,5,5,6,NA,NA,NA,NA,NA,NA,NA,Mujer,17,385.2061019
248,Netflix;OCS;Canal+ série et/ou film;disney+,Entre 2 y 3 horas,humour/comédie;aventure/action;romantique,3,NA,NA,NA,NA,NA,NA,NA,NA,NA,5,NA,NA,NA,NA,NA,3,4,5,4,4,4,4,4,4,4,4,4,NA,NA,NA,NA,NA,NA,NA,Mujer,19,458.0506686
249,Netflix;OCS;Canal+ série et/ou film;Apple TV+;Amazone prime vidéo;disney+,Entre 2 y 3 horas,Drama;Romantica,4,NA,NA,NA,NA,NA,NA,NA,NA,NA,NA,NA,NA,NA,NA,NA,4,4,5,3,3,3,3,3,2,4,3,2,NA,2,2,2,NA,NA,NA,Mujer,20,340.3243193
250,Netflix;Canal+ série et/ou film,Entre 0 y 30 minutos,humour/comédie;jeunesse et famille;romantique,1,NA,2,NA,2,NA,NA,5,5,5,NA,NA,NA,NA,5,NA,3,4,4,3,3,6,4,3,3,4,3,3,1,2,NA,2,NA,NA,NA,Mujer,18,403.4971774
251,Netflix;OCS;Canal+ série et/ou film;Apple TV+;Amazone prime vidéo;disney+,Entre 30 minutos y 1 hora,TV réalité;aventure/action;thriller,4,NA,NA,NA,NA,5,5,5,NA,5,NA,NA,5,NA,1,5,3,3,5,4,5,2,4,4,3,3,4,4,5,NA,NA,NA,NA,NA,5,Mujer,21,567.7741297
252,Netflix;OCS;Canal+ série et/ou film;Apple TV+;Amazone prime vidéo;disney+,Entre 1 y 2 horas,Terror;Aventura/Accion;Thriller,5,NA,NA,NA,NA,2,NA,NA,NA,NA,5,1,NA,NA,1,NA,4,5,6,3,5,6,3,6,6,3,3,1,NA,NA,NA,NA,NA,NA,NA,Hombre,18,232.6567236
253,Netflix;OCS;Canal+ série et/ou film;Apple TV+;Amazone prime vidéo;disney+,Entre 2 y 3 horas,humour/comédie;drame;thriller,6,NA,NA,NA,NA,NA,NA,NA,NA,NA,NA,NA,NA,NA,NA,NA,3,4,6,3,6,5,3,3,3,3,3,3,5,NA,NA,NA,NA,NA,NA,Mujer,23,754.7422186
254,Netflix;OCS;Canal+ série et/ou film;Apple TV+;Amazone prime vidéo;disney+,Entre 1 y 2 horas,Science Fiction;humour/comédie;aventure/action,4,NA,NA,5,NA,NA,NA,5,NA,5,5,5,NA,5,NA,NA,4,5,4,3,4,4,4,3,4,3,4,4,5,NA,5,NA,NA,NA,5,Hombre,18,283.4349661
255,Netflix;OCS;Canal+ série et/ou film;Amazone prime vidéo;disney+,Entre 3 y 5 horas,humour/comédie;horreur;animé,5,NA,NA,NA,2,NA,NA,5,NA,NA,NA,NA,1,NA,NA,NA,4,5,5,4,5,6,6,4,6,3,6,6,NA,NA,NA,5,NA,NA,NA,Mujer,19,200.608669
256,Netflix,Entre 30 minutos y 1 hora,Aventura/Accion,4,5,NA,5,NA,1,NA,NA,NA,NA,5,NA,NA,NA,NA,5,4,4,4,6,4,3,4,4,4,3,5,4,NA,NA,NA,NA,NA,5,5,Hombre,18,391.9871471
257,Netflix;OCS;Canal+ série et/ou film;Apple TV+;Amazone prime vidéo;disney+,Entre 30 minutos y 1 hora,TV réalité;humour/comédie;aventure/action,5,5,NA,NA,2,NA,NA,5,2,5,NA,NA,5,NA,5,NA,3,3,4,4,5,4,5,5,3,4,6,6,NA,NA,5,NA,NA,NA,NA,Mujer,22,575.9495421
258,Netflix;OCS;Amazone prime vidéo;disney+,Entre 3 y 5 horas,Ciencia Ficcion;Aventura/Accion;Thriller,6,NA,NA,NA,NA,5,NA,5,NA,5,5,NA,NA,NA,5,5,6,5,5,5,6,4,5,4,6,4,4,3,5,NA,NA,5,NA,NA,NA,Mujer,20,249.189414
259,Netflix;Canal+ série et/ou film,Entre 0 y 30 minutos,humour/comédie;horreur;thriller,4,NA,NA,NA,1,NA,NA,NA,5,NA,NA,NA,2,NA,NA,NA,4,4,6,6,1,6,6,6,6,6,6,6,NA,NA,NA,5,NA,NA,NA,Hombre,23,312.7617114
260,Netflix;OCS;Canal+ série et/ou film;Apple TV+,Entre 5 y 7 horas,humour/comédie;stand-up;documentaire,5,5,NA,NA,NA,NA,5,NA,NA,NA,NA,2,2,NA,NA,5,4,3,4,6,6,6,6,6,6,6,5,6,NA,NA,NA,NA,NA,NA,NA,Hombre,19,231.251719
261,Netflix;OCS;Canal+ série et/ou film;Apple TV+;Amazone prime vidéo,Entre 1 y 2 horas,Aventura/Accion;Drama;Thriller,6,NA,NA,NA,NA,5,NA,NA,NA,NA,NA,NA,5,5,5,5,4,5,5,2,4,5,3,6,3,6,4,3,5,NA,NA,NA,NA,NA,NA,Mujer,19,248.3410931
262,Netflix;OCS;Canal+ série et/ou film;Apple TV+;Amazone prime vidéo;disney+,Entre 5 y 7 horas,TV réalité;horreur;romantique,6,NA,NA,NA,NA,NA,NA,NA,NA,5,NA,NA,NA,NA,NA,NA,6,6,6,6,6,6,6,6,6,4,6,6,NA,NA,NA,5,NA,NA,NA,Mujer,18,329.3252997
263,Netflix;Canal+ série et/ou film;Apple TV+;Amazone prime vidéo;disney+,Entre 30 minutos y 1 hora,TV réalité;humour/comédie;romantique,1,1,1,1,1,1,1,1,1,1,1,1,1,1,1,1,1,1,1,1,1,1,1,1,1,1,1,1,1,1,NA,2,5,1,1,Mujer,18,178.589276
264,Netflix;Canal+ série et/ou film;Amazone prime vidéo;disney+,Entre 1 y 2 horas,Ciencia Ficcion;Aventura/Accion,5,NA,NA,NA,2,5,5,NA,NA,NA,NA,NA,NA,5,NA,NA,3,4,4,4,3,6,5,5,6,5,6,6,NA,NA,NA,2,NA,NA,NA,Mujer,20,521.3168028
265,Netflix;OCS;Canal+ série et/ou film;Amazone prime vidéo;disney+,Entre 1 y 2 horas,animé,6,NA,NA,NA,NA,NA,NA,NA,NA,NA,NA,NA,NA,NA,NA,5,5,5,5,1,3,4,4,4,5,3,6,6,NA,NA,NA,NA,NA,NA,NA,Hombre,18,463.745147
266,autre (précisez),Entre 30 minutos y 1 hora,Aventura/Accion;Biopic,1,2,1,5,1,NA,NA,NA,NA,NA,2,NA,NA,NA,2,1,4,4,5,1,2,3,4,3,3,5,5,4,1,1,NA,1,1,1,1,Hombre,18,463.9310769
267,Netflix;OCS;Canal+ série et/ou film;Amazone prime vidéo,Entre 2 y 3 horas,TV réalité;horreur;jeunesse et famille,6,NA,NA,NA,5,NA,NA,5,NA,NA,NA,NA,NA,NA,NA,NA,5,6,6,6,6,6,6,6,6,4,6,6,NA,NA,NA,NA,NA,NA,NA,Mujer,19,445.831509
268,Netflix;OCS;Canal+ série et/ou film;Amazone prime vidéo,Entre 2 y 3 horas,Science Fiction;TV réalité;humour/comédie,6,NA,NA,NA,NA,5,NA,NA,5,NA,NA,NA,NA,NA,NA,NA,4,6,6,5,5,6,4,4,2,5,3,5,NA,NA,NA,NA,NA,NA,NA,Hombre,19,313.1826232
269,Netflix;Canal+ série et/ou film;Apple TV+;Amazone prime vidéo,Entre 3 y 5 horas,TV réalité;humour/comédie;documentaire,5,NA,NA,NA,NA,NA,NA,NA,NA,NA,NA,NA,NA,NA,NA,NA,6,6,6,4,6,6,6,6,6,6,6,4,NA,NA,NA,NA,NA,NA,NA,Hombre,18,304.3162889
270,Netflix;OCS;Canal+ série et/ou film;Amazone prime vidéo;disney+,Entre 3 y 5 horas,Ciencia Ficcion;Terror;Aventura/Accion,6,NA,NA,NA,5,NA,5,NA,NA,NA,NA,NA,5,NA,NA,NA,5,6,6,4,3,5,4,5,3,6,5,5,NA,NA,NA,5,NA,NA,NA,Hombre,18,502.3449372
271,Netflix;OCS;Canal+ série et/ou film;Apple TV+;Amazone prime vidéo;disney+,Entre 3 y 5 horas,Science Fiction;humour/comédie;aventure/action,6,NA,NA,NA,NA,NA,NA,NA,5,5,NA,NA,NA,NA,NA,NA,3,5,6,5,4,3,4,6,1,2,4,4,5,NA,NA,NA,NA,NA,NA,Hombre,18,307.3888588
272,Netflix;OCS,Entre 30 minutos y 1 hora,humour/comédie;jeunesse et famille;romantique,6,NA,NA,NA,NA,NA,NA,NA,NA,NA,NA,NA,5,5,5,5,3,3,4,4,4,4,3,4,3,3,5,5,NA,NA,NA,NA,NA,NA,5,Mujer,18,250.8873966
273,Netflix;OCS;Canal+ série et/ou film;Amazone prime vidéo;disney+,Entre 2 y 3 horas,Science Fiction;horreur;animé,4,NA,NA,NA,1,NA,5,NA,5,NA,5,5,NA,NA,5,NA,3,4,5,3,5,2,6,5,6,1,6,2,NA,NA,5,1,1,NA,NA,Hombre,18,580.7897813
274,Netflix;Canal+ série et/ou film;Amazone prime vidéo,Entre 30 minutos y 1 hora,humour/comédie;aventure/action;animé,4,NA,NA,NA,1,NA,5,NA,NA,NA,5,2,5,NA,NA,NA,3,4,5,3,5,1,6,4,6,2,6,4,NA,5,5,1,1,NA,5,Mujer,19,549.724668
275,Netflix;OCS;Canal+ série et/ou film;Apple TV+;Amazone prime vidéo;disney+,Entre 3 y 5 horas,humour/comédie;aventure/action;animé,5,NA,NA,NA,2,NA,NA,5,NA,5,5,NA,NA,NA,5,NA,4,6,5,2,5,2,2,4,1,5,3,2,5,NA,NA,5,5,NA,5,Hombre,18,546.9378777
276,Netflix;OCS;Canal+ série et/ou film;Amazone prime vidéo;disney+,Entre 1 y 2 horas,Aventura/Accion,3,NA,NA,NA,1,NA,NA,NA,NA,NA,NA,NA,1,NA,NA,NA,3,4,5,4,2,5,5,1,1,1,5,5,NA,NA,NA,NA,NA,NA,NA,Hombre,18,408.2575567
277,Netflix;OCS;Canal+ série et/ou film;Apple TV+;Amazone prime vidéo,Entre 5 y 7 horas,horreur;aventure/action;animé,4,NA,1,NA,5,5,NA,NA,2,NA,NA,NA,5,5,NA,NA,4,3,4,3,4,3,1,3,2,3,2,3,NA,5,NA,NA,5,NA,NA,Hombre,18,289.2958613
278,Netflix;OCS;Canal+ série et/ou film;Amazone prime vidéo;disney+,Entre 1 y 2 horas,Science Fiction;humour/comédie;aventure/action,6,NA,NA,NA,NA,5,NA,5,5,NA,NA,5,NA,NA,5,5,4,5,5,4,6,4,3,4,3,3,4,6,NA,NA,NA,NA,NA,NA,5,Mujer,19,434.9847663
279,Netflix;Canal+ série et/ou film;Apple TV+;Amazone prime vidéo,Entre 2 y 3 horas,humour/comédie;documentaire;romantique,4,NA,NA,NA,2,5,NA,NA,NA,5,NA,5,5,5,NA,NA,3,4,6,4,5,4,3,4,3,5,3,5,NA,2,NA,NA,NA,NA,NA,Mujer,17,309.1347432
280,Netflix;Canal+ série et/ou film;Apple TV+,Entre 1 y 2 horas,Science Fiction;TV réalité;humour/comédie,4,NA,5,NA,NA,NA,5,NA,2,NA,NA,NA,2,5,5,NA,3,5,5,3,3,4,3,3,4,2,4,6,NA,NA,NA,NA,NA,5,5,Mujer,20,260.8466222
281,Netflix;OCS;Canal+ série et/ou film;Apple TV+;Amazone prime vidéo;disney+,Entre 3 y 5 horas,TV réalité;aventure/action;documentaire,6,NA,NA,NA,NA,1,5,NA,NA,NA,NA,NA,NA,NA,NA,NA,6,6,6,6,6,6,6,6,6,6,6,6,NA,NA,NA,5,5,NA,NA,Hombre,18,258.1696678
282,Netflix;OCS;Amazone prime vidéo,Entre 2 y 3 horas,Science Fiction;humour/comédie;aventure/action,5,NA,NA,NA,2,NA,NA,NA,5,NA,NA,NA,5,NA,5,NA,5,5,4,2,3,4,4,2,6,2,6,6,NA,NA,NA,2,NA,NA,NA,Hombre,21,409.6231835
283,Netflix;OCS;Canal+ série et/ou film;Amazone prime vidéo,Entre 2 y 3 horas,TV réalité;aventure/action;romantique,4,NA,NA,NA,NA,NA,NA,5,NA,NA,NA,2,NA,NA,2,5,2,4,5,5,3,6,6,3,6,4,6,6,NA,NA,NA,NA,5,NA,NA,Mujer,18,255.1640679
284,Netflix;Canal+ série et/ou film;Apple TV+;Amazone prime vidéo,Entre 3 y 5 horas,TV réalité;humour/comédie;aventure/action,6,NA,NA,NA,2,NA,NA,NA,NA,NA,5,5,5,NA,NA,NA,6,6,6,5,6,6,6,6,4,6,6,6,NA,NA,NA,NA,NA,NA,NA,Mujer,21,228.9842602
285,Netflix,Entre 2 y 3 horas,humour/comédie;horreur;aventure/action,6,5,5,5,NA,NA,5,5,5,5,5,NA,5,NA,NA,5,6,6,6,6,6,5,5,5,6,5,5,6,5,5,5,5,5,NA,5,Mujer,21,243.2238601
286,Netflix;OCS;Canal+ série et/ou film;Apple TV+;Amazone prime vidéo;disney+,Entre 2 y 3 horas,Aventura/Accion;Drama;Romantica,5,NA,NA,5,NA,5,5,5,NA,NA,NA,5,5,NA,NA,NA,5,6,4,6,6,6,2,4,4,5,5,5,NA,NA,NA,NA,NA,NA,NA,Mujer,20,504.4171414
287,Netflix;OCS;Canal+ série et/ou film;Apple TV+;Amazone prime vidéo;disney+,Entre 1 y 2 horas,Terror;Aventura/Accion;Historica,6,NA,NA,5,5,NA,5,5,NA,NA,5,5,5,5,NA,5,3,5,5,6,6,6,6,6,6,6,6,6,NA,NA,NA,NA,NA,NA,NA,Hombre,19,209.0375444
288,Netflix;OCS;Canal+ série et/ou film;Apple TV+;Amazone prime vidéo;disney+;autre (précisez),Entre 1 y 2 horas,humour/comédie;historique;jeunesse et famille,6,NA,NA,NA,NA,NA,NA,NA,NA,NA,NA,NA,NA,NA,NA,NA,4,4,4,5,6,5,5,6,1,6,6,6,2,NA,NA,NA,NA,NA,1,Hombre,20,530.356741
289,Netflix;OCS;Canal+ série et/ou film;Amazone prime vidéo;disney+,Entre 1 y 2 horas,Science Fiction;humour/comédie;animé,6,NA,NA,5,NA,NA,2,5,NA,NA,5,2,NA,NA,5,NA,3,4,4,5,6,3,2,2,6,3,6,5,NA,NA,NA,NA,NA,NA,NA,Hombre,19,403.9328409
290,Netflix;OCS;Canal+ série et/ou film;Amazone prime vidéo,Entre 30 minutos y 1 hora,TV réalité;humour/comédie;drame,3,NA,NA,5,2,NA,2,NA,2,NA,NA,NA,NA,NA,NA,NA,4,4,6,4,1,3,1,1,4,5,2,6,5,1,NA,2,5,NA,NA,Mujer,19,609.6263593
291,Netflix;OCS;Canal+ série et/ou film;Apple TV+;Amazone prime vidéo;disney+,Entre 2 y 3 horas,Science Fiction;humour/comédie;aventure/action,6,NA,NA,NA,NA,1,NA,NA,NA,NA,NA,NA,2,NA,NA,NA,3,6,6,6,6,6,6,4,6,6,6,6,NA,NA,NA,NA,NA,NA,NA,Hombre,21,117.1897552
292,Netflix,Entre 2 y 3 horas,Terror;Aventura/Accion;Documental,6,NA,NA,NA,NA,NA,NA,NA,NA,NA,NA,NA,NA,NA,NA,NA,6,6,6,5,6,6,6,6,6,6,6,6,NA,NA,NA,NA,NA,NA,NA,Mujer,18,182.0941523
293,Netflix;OCS;Canal+ série et/ou film;Apple TV+;Amazone prime vidéo;disney+,Entre 2 y 3 horas,Aventura/Accion;Drama;Thriller,6,NA,NA,NA,2,NA,NA,NA,NA,NA,NA,NA,NA,NA,NA,NA,4,6,6,6,3,6,1,6,5,6,6,6,NA,NA,NA,NA,NA,NA,NA,Hombre,19,163.924818
294,Netflix;OCS;Canal+ série et/ou film;Amazone prime vidéo;disney+,Entre 5 y 7 horas,humour/comédie;stand-up;thriller,4,NA,NA,NA,5,5,NA,NA,NA,NA,5,NA,NA,NA,NA,5,5,6,6,3,5,6,5,2,4,3,6,6,NA,NA,5,NA,NA,NA,NA,Hombre,18,396.8506683
295,Netflix;OCS;Canal+ série et/ou film;Apple TV+;Amazone prime vidéo;disney+,Entre 3 y 5 horas,drame;thriller;animé,5,5,NA,NA,NA,NA,5,NA,NA,NA,NA,NA,1,NA,1,NA,5,4,5,3,1,5,5,4,4,4,4,6,NA,NA,NA,NA,5,NA,NA,Hombre,17,355.7201432
296,Netflix;OCS;Canal+ série et/ou film;Apple TV+;Amazone prime vidéo;disney+,Entre 1 y 2 horas,Science Fiction;TV réalité;aventure/action,6,NA,NA,NA,NA,2,NA,NA,NA,NA,NA,NA,5,NA,5,5,5,5,5,5,6,5,5,5,5,6,5,6,NA,NA,NA,5,5,NA,NA,Hombre,18,279.6215946
297,Netflix;OCS;Canal+ série et/ou film;Apple TV+;Amazone prime vidéo;disney+,Entre 1 y 2 horas,Aventura/Accion;Thriller;Romantica,5,5,NA,NA,NA,NA,5,NA,NA,NA,NA,NA,NA,5,5,5,5,5,5,5,5,4,3,5,2,5,5,2,NA,NA,NA,NA,NA,NA,NA,Hombre,18,265.6679264
298,Netflix;OCS;Canal+ série et/ou film;Apple TV+;Amazone prime vidéo;disney+,Entre 2 y 3 horas,TV réalité;horreur;romantique,4,NA,NA,5,NA,2,NA,NA,2,NA,NA,5,NA,5,5,5,4,4,4,5,5,2,2,3,1,3,5,6,NA,NA,NA,5,5,NA,NA,Mujer,17,375.927694
299,Netflix;OCS;Canal+ série et/ou film;Amazone prime vidéo;disney+,Entre 3 y 5 horas,TV réalité;aventure/action;animé,6,NA,NA,NA,NA,5,5,NA,NA,NA,NA,NA,NA,NA,5,NA,4,4,6,4,6,1,2,3,3,1,5,3,NA,NA,NA,NA,NA,NA,NA,Hombre,18,343.0592268
300,Netflix;Canal+ série et/ou film,Entre 2 y 3 horas,humour/comédie;documentaire;animé,6,NA,NA,NA,NA,NA,NA,NA,NA,NA,NA,NA,NA,NA,NA,NA,6,6,6,6,6,6,6,4,6,6,6,6,NA,NA,NA,NA,NA,NA,NA,Hombre,20,224.2999632
301,Netflix;Canal+ série et/ou film;Amazone prime vidéo,Entre 2 y 3 horas,Science Fiction;humour/comédie;historique,5,NA,NA,NA,NA,1,5,NA,5,NA,NA,NA,NA,NA,2,NA,3,4,5,3,2,4,5,5,3,6,6,6,NA,NA,NA,2,NA,NA,NA,Hombre,18,299.7837161
302,Netflix;Apple TV+;Disney+,Entre 2 y 3 horas,TV réalité;horreur;romantique,4,NA,NA,NA,2,5,NA,NA,5,NA,NA,5,NA,NA,NA,5,4,4,5,1,6,6,3,4,4,5,3,3,NA,NA,NA,NA,5,NA,NA,Mujer,17,587.8368385
303,Netflix;OCS;Canal+ série et/ou film;Amazone prime vidéo;disney+,Entre 2 y 3 horas,humour/comédie;aventure/action;romantique,5,NA,NA,NA,5,NA,NA,5,NA,5,NA,NA,5,NA,NA,5,5,4,5,1,4,2,1,4,3,4,2,3,NA,NA,NA,NA,NA,NA,NA,Mujer,19,677.8191818
304,Netflix;OCS;Canal+ série et/ou film;Apple TV+;Amazone prime vidéo;disney+,Entre 1 y 2 horas,Science Fiction;humour/comédie;aventure/action,6,NA,NA,5,2,NA,5,5,NA,5,NA,NA,NA,5,NA,NA,4,3,4,3,2,3,5,6,6,3,6,6,NA,NA,NA,5,NA,5,5,Hombre,22,425.9487596
305,Netflix;OCS;Canal+ série et/ou film;Apple TV+;Amazone prime vidéo;disney+,Entre 1 y 2 horas,Science Fiction;aventure/action;animé,3,5,NA,NA,NA,5,NA,NA,5,NA,5,1,5,5,5,5,4,5,5,2,2,2,6,4,4,6,6,6,NA,2,5,5,5,5,NA,Hombre,19,1381.4491506
306,Netflix;OCS;Canal+ série et/ou film;Apple TV+;Amazone prime vidéo;disney+,Entre 1 y 2 horas,Aventura/Accion;Historica;Thriller,6,NA,NA,5,NA,5,5,NA,NA,NA,5,NA,5,5,NA,5,3,3,3,6,4,4,6,5,4,6,6,6,NA,NA,NA,NA,NA,2,NA,Hombre,19,251.2322868
307,Netflix;Canal+ série et/ou film;Apple TV+;disney+,Entre 2 y 3 horas,TV réalité;humour/comédie;horreur,2,NA,NA,5,2,5,NA,5,5,5,5,5,NA,5,NA,NA,3,3,5,2,1,3,1,2,1,1,3,3,5,NA,NA,NA,NA,NA,5,Mujer,18,462.6602266
308,Netflix;OCS;Canal+ série et/ou film;Apple TV+;Amazone prime vidéo;disney+,Entre 30 minutos y 1 hora,Aventura/Accion,4,5,NA,NA,NA,NA,NA,5,NA,NA,5,NA,NA,5,NA,NA,4,5,5,3,3,3,4,5,4,5,4,3,5,NA,5,NA,NA,5,5,Hombre,18,479.9519629
309,Netflix;OCS;Canal+ série et/ou film;Amazone prime vidéo;disney+,Entre 2 y 3 horas,Science Fiction;aventure/action;animé,3,NA,5,NA,2,NA,NA,NA,5,5,NA,NA,NA,5,2,5,3,4,4,5,3,3,4,3,3,3,6,3,5,5,5,NA,NA,NA,5,Hombre,18,797.9526344
310,Netflix;Canal+ série et/ou film;Amazone prime vidéo;disney+;autre (précisez),Entre 3 y 5 horas,Science Fiction;aventure/action;animé,4,NA,NA,5,NA,NA,2,5,5,5,5,NA,NA,5,NA,5,2,6,6,3,5,2,3,5,1,6,5,6,NA,NA,NA,NA,NA,NA,NA,Hombre,19,868.632537
311,Netflix;OCS;Apple TV+;Amazone prime vidéo,Entre 3 y 5 horas,Science Fiction;aventure/action;animé,6,5,NA,5,NA,NA,5,NA,5,NA,5,NA,NA,5,5,5,5,5,5,3,3,4,4,3,5,3,4,4,5,5,5,NA,NA,5,5,Hombre,19,486.0876054
312,Netflix;OCS;Canal+ série et/ou film;Apple TV+;Amazone prime vidéo;disney+,Entre 5 y 7 horas,Science Fiction;horreur;animé,5,NA,NA,5,NA,5,5,NA,5,NA,NA,5,NA,5,5,5,4,5,5,4,6,3,6,6,6,6,6,6,NA,5,NA,5,NA,NA,NA,Hombre,19,222.3073139
313,Netflix;OCS;Canal+ série et/ou film;Apple TV+;Amazone prime vidéo;disney+,Entre 3 y 5 horas,Ciencia Ficcion;Aventura/Accion;Thriller,6,NA,NA,5,NA,5,NA,NA,NA,NA,NA,5,5,5,5,NA,5,5,5,4,6,6,6,3,5,3,6,6,NA,NA,NA,NA,NA,NA,NA,Hombre,20,249.6770825
314,Netflix;autre (précisez),Entre 1 y 2 horas,humour/comédie;aventure/action;animé,4,NA,NA,NA,NA,2,NA,5,1,NA,2,NA,1,NA,5,NA,4,4,6,3,5,3,2,1,5,1,1,5,NA,5,5,2,NA,5,NA,Hombre,19,953.7257964
315,Netflix;OCS;Canal+ série et/ou film;Apple TV+;Amazone prime vidéo;disney+;autre (précisez),Entre 30 minutos y 1 hora,Science Fiction;horreur;animé,3,NA,NA,NA,1,NA,NA,5,NA,NA,1,NA,NA,NA,NA,5,4,6,6,3,1,3,6,4,5,4,6,6,NA,NA,NA,NA,NA,NA,NA,Mujer,19,556.5578196
316,Netflix;OCS;Canal+ série et/ou film;Apple TV+;Amazone prime vidéo;disney+,Entre 3 y 5 horas,Science Fiction;aventure/action;animé,4,NA,NA,5,1,NA,NA,5,NA,5,NA,5,5,5,NA,5,4,4,5,3,6,4,6,6,4,4,6,6,NA,NA,5,NA,NA,NA,NA,Hombre,19,1165.6696101
317,Netflix;Canal+ série et/ou film;Apple TV+;Amazone prime vidéo;disney+,Entre 2 y 3 horas,Ciencia Ficcion;Terror;Aventura/Accion,6,NA,NA,NA,NA,5,5,NA,5,NA,NA,5,NA,NA,5,NA,6,6,6,4,5,6,6,6,4,6,6,6,NA,NA,NA,NA,NA,NA,NA,Hombre,19,209.628402
318,Netflix;Canal+ série et/ou film,Entre 1 y 2 horas,humour/comédie;historique;biopic (biographie),4,NA,NA,NA,2,2,NA,NA,NA,5,NA,2,NA,NA,NA,NA,3,4,4,3,2,5,5,4,4,4,4,4,NA,NA,NA,NA,NA,NA,NA,Hombre,19,221.2070025
319,Netflix;OCS;Amazone prime vidéo;disney+,Entre 30 minutos y 1 hora,Science Fiction;humour/comédie;aventure/action,6,NA,NA,5,2,NA,5,5,5,NA,NA,NA,NA,5,NA,5,4,5,5,4,4,4,3,4,4,3,5,5,NA,NA,NA,NA,NA,NA,NA,Mujer,18,362.4902251
320,Netflix;OCS;Canal+ série et/ou film;Amazone prime vidéo;disney+,Entre 2 y 3 horas,Ciencia Ficcion;Aventura/Accion;Drama,6,NA,NA,NA,NA,NA,NA,5,NA,NA,NA,NA,NA,NA,NA,NA,6,5,6,4,4,3,6,3,1,3,6,6,NA,NA,NA,5,5,NA,NA,Mujer,19,959.0237378
321,Netflix;OCS;Canal+ série et/ou film;Apple TV+;Amazone prime vidéo;disney+,Entre 1 y 2 horas,Science Fiction;aventure/action;animé,4,NA,NA,NA,1,5,5,5,5,5,5,5,NA,NA,NA,5,4,5,6,4,4,6,6,6,6,6,6,6,NA,NA,NA,NA,NA,NA,NA,Hombre,19,204.471584
322,Netflix,Entre 2 y 3 horas,TV réalité,5,NA,5,NA,NA,NA,NA,5,5,5,5,5,5,5,5,NA,5,6,5,5,5,5,5,5,3,4,4,4,NA,1,5,NA,5,5,NA,Mujer,18,162.4268424
323,Netflix;OCS;Canal+ série et/ou film;Apple TV+;Amazone prime vidéo;disney+,Entre 2 y 3 horas,TV réalité;drame;romantique,4,5,NA,5,NA,NA,5,5,NA,NA,5,5,NA,NA,NA,5,5,5,6,5,4,6,6,4,4,5,6,6,5,NA,NA,2,2,NA,NA,Mujer,18,1380.6075655
324,Netflix;OCS;Canal+ série et/ou film;Apple TV+;Amazone prime vidéo;disney+,Entre 1 y 2 horas,TV réalité;documentaire;drame,4,NA,NA,5,NA,NA,NA,5,NA,NA,5,5,NA,NA,5,NA,5,4,4,5,3,4,4,5,3,4,3,4,NA,NA,NA,NA,NA,NA,2,Mujer,21,153.0146817
325,Netflix;OCS;Canal+ série et/ou film;Apple TV+;Amazone prime vidéo;disney+,Entre 1 y 2 horas,humour/comédie;aventure/action,5,NA,NA,NA,2,NA,NA,5,NA,5,NA,2,NA,5,NA,NA,4,4,5,4,3,5,5,3,2,4,5,3,NA,NA,5,NA,5,NA,5,Hombre,18,217.1645633
